"Time","Busy System","Busy User","Busy Iowait","Busy IRQs","Busy Other","Idle"
2021-05-01 00:00:00,,,,,,
2021-05-01 01:00:00,,,,,,
2021-05-01 02:00:00,,,,,,
2021-05-01 03:00:00,,,,,,
2021-05-01 04:00:00,,,,,,
2021-05-01 05:00:00,,,,,,
2021-05-01 06:00:00,,,,,,
2021-05-01 07:00:00,,,,,,
2021-05-01 08:00:00,,,,,,
2021-05-01 09:00:00,,,,,,
2021-05-01 10:00:00,,,,,,
2021-05-01 11:00:00,,,,,,
2021-05-01 12:00:00,,,,,,
2021-05-01 13:00:00,,,,,,
2021-05-01 14:00:00,,,,,,
2021-05-01 15:00:00,,,,,,
2021-05-01 16:00:00,,,,,,
2021-05-01 17:00:00,,,,,,
2021-05-01 18:00:00,,,,,,
2021-05-01 19:00:00,,,,,,
2021-05-01 20:00:00,,,,,,
2021-05-01 21:00:00,,,,,,
2021-05-01 22:00:00,,,,,,
2021-05-01 23:00:00,,,,,,
2021-05-02 00:00:00,,,,,,
2021-05-02 01:00:00,,,,,,
2021-05-02 02:00:00,,,,,,
2021-05-02 03:00:00,,,,,,
2021-05-02 04:00:00,,,,,,
2021-05-02 05:00:00,,,,,,
2021-05-02 06:00:00,,,,,,
2021-05-02 07:00:00,,,,,,
2021-05-02 08:00:00,,,,,,
2021-05-02 09:00:00,,,,,,
2021-05-02 10:00:00,,,,,,
2021-05-02 11:00:00,,,,,,
2021-05-02 12:00:00,,,,,,
2021-05-02 13:00:00,,,,,,
2021-05-02 14:00:00,,,,,,
2021-05-02 15:00:00,,,,,,
2021-05-02 16:00:00,,,,,,
2021-05-02 17:00:00,,,,,,
2021-05-02 18:00:00,,,,,,
2021-05-02 19:00:00,,,,,,
2021-05-02 20:00:00,,,,,,
2021-05-02 21:00:00,,,,,,
2021-05-02 22:00:00,,,,,,
2021-05-02 23:00:00,,,,,,
2021-05-03 00:00:00,,,,,,
2021-05-03 01:00:00,,,,,,
2021-05-03 02:00:00,,,,,,
2021-05-03 03:00:00,,,,,,
2021-05-03 04:00:00,,,,,,
2021-05-03 05:00:00,,,,,,
2021-05-03 06:00:00,,,,,,
2021-05-03 07:00:00,,,,,,
2021-05-03 08:00:00,,,,,,
2021-05-03 09:00:00,,,,,,
2021-05-03 10:00:00,,,,,,
2021-05-03 11:00:00,,,,,,
2021-05-03 12:00:00,,,,,,
2021-05-03 13:00:00,,,,,,
2021-05-03 14:00:00,,,,,,
2021-05-03 15:00:00,,,,,,
2021-05-03 16:00:00,,,,,,
2021-05-03 17:00:00,,,,,,
2021-05-03 18:00:00,,,,,,
2021-05-03 19:00:00,,,,,,
2021-05-03 20:00:00,,,,,,
2021-05-03 21:00:00,,,,,,
2021-05-03 22:00:00,,,,,,
2021-05-03 23:00:00,,,,,,
2021-05-04 00:00:00,,,,,,
2021-05-04 01:00:00,,,,,,
2021-05-04 02:00:00,,,,,,
2021-05-04 03:00:00,,,,,,
2021-05-04 04:00:00,,,,,,
2021-05-04 05:00:00,,,,,,
2021-05-04 06:00:00,,,,,,
2021-05-04 07:00:00,,,,,,
2021-05-04 08:00:00,,,,,,
2021-05-04 09:00:00,,,,,,
2021-05-04 10:00:00,,,,,,
2021-05-04 11:00:00,,,,,,
2021-05-04 12:00:00,,,,,,
2021-05-04 13:00:00,,,,,,
2021-05-04 14:00:00,,,,,,
2021-05-04 15:00:00,,,,,,
2021-05-04 16:00:00,,,,,,
2021-05-04 17:00:00,,,,,,
2021-05-04 18:00:00,,,,,,
2021-05-04 19:00:00,,,,,,
2021-05-04 20:00:00,,,,,,
2021-05-04 21:00:00,,,,,,
2021-05-04 22:00:00,,,,,,
2021-05-04 23:00:00,,,,,,
2021-05-05 00:00:00,,,,,,
2021-05-05 01:00:00,,,,,,
2021-05-05 02:00:00,,,,,,
2021-05-05 03:00:00,,,,,,
2021-05-05 04:00:00,,,,,,
2021-05-05 05:00:00,,,,,,
2021-05-05 06:00:00,,,,,,
2021-05-05 07:00:00,,,,,,
2021-05-05 08:00:00,,,,,,
2021-05-05 09:00:00,,,,,,
2021-05-05 10:00:00,,,,,,
2021-05-05 11:00:00,,,,,,
2021-05-05 12:00:00,,,,,,
2021-05-05 13:00:00,,,,,,
2021-05-05 14:00:00,,,,,,
2021-05-05 15:00:00,,,,,,
2021-05-05 16:00:00,,,,,,
2021-05-05 17:00:00,,,,,,
2021-05-05 18:00:00,,,,,,
2021-05-05 19:00:00,,,,,,
2021-05-05 20:00:00,,,,,,
2021-05-05 21:00:00,,,,,,
2021-05-05 22:00:00,,,,,,
2021-05-05 23:00:00,,,,,,
2021-05-06 00:00:00,,,,,,
2021-05-06 01:00:00,,,,,,
2021-05-06 02:00:00,,,,,,
2021-05-06 03:00:00,,,,,,
2021-05-06 04:00:00,,,,,,
2021-05-06 05:00:00,,,,,,
2021-05-06 06:00:00,,,,,,
2021-05-06 07:00:00,,,,,,
2021-05-06 08:00:00,,,,,,
2021-05-06 09:00:00,,,,,,
2021-05-06 10:00:00,,,,,,
2021-05-06 11:00:00,,,,,,
2021-05-06 12:00:00,,,,,,
2021-05-06 13:00:00,,,,,,
2021-05-06 14:00:00,,,,,,
2021-05-06 15:00:00,,,,,,
2021-05-06 16:00:00,,,,,,
2021-05-06 17:00:00,,,,,,
2021-05-06 18:00:00,,,,,,
2021-05-06 19:00:00,,,,,,
2021-05-06 20:00:00,,,,,,
2021-05-06 21:00:00,,,,,,
2021-05-06 22:00:00,,,,,,
2021-05-06 23:00:00,,,,,,
2021-05-07 00:00:00,,,,,,
2021-05-07 01:00:00,,,,,,
2021-05-07 02:00:00,,,,,,
2021-05-07 03:00:00,,,,,,
2021-05-07 04:00:00,,,,,,
2021-05-07 05:00:00,,,,,,
2021-05-07 06:00:00,,,,,,
2021-05-07 07:00:00,,,,,,
2021-05-07 08:00:00,,,,,,
2021-05-07 09:00:00,,,,,,
2021-05-07 10:00:00,,,,,,
2021-05-07 11:00:00,,,,,,
2021-05-07 12:00:00,,,,,,
2021-05-07 13:00:00,,,,,,
2021-05-07 14:00:00,,,,,,
2021-05-07 15:00:00,,,,,,
2021-05-07 16:00:00,,,,,,
2021-05-07 17:00:00,,,,,,
2021-05-07 18:00:00,,,,,,
2021-05-07 19:00:00,,,,,,
2021-05-07 20:00:00,,,,,,
2021-05-07 21:00:00,,,,,,
2021-05-07 22:00:00,,,,,,
2021-05-07 23:00:00,,,,,,
2021-05-08 00:00:00,,,,,,
2021-05-08 01:00:00,,,,,,
2021-05-08 02:00:00,,,,,,
2021-05-08 03:00:00,,,,,,
2021-05-08 04:00:00,,,,,,
2021-05-08 05:00:00,,,,,,
2021-05-08 06:00:00,,,,,,
2021-05-08 07:00:00,,,,,,
2021-05-08 08:00:00,,,,,,
2021-05-08 09:00:00,,,,,,
2021-05-08 10:00:00,,,,,,
2021-05-08 11:00:00,,,,,,
2021-05-08 12:00:00,,,,,,
2021-05-08 13:00:00,,,,,,
2021-05-08 14:00:00,,,,,,
2021-05-08 15:00:00,,,,,,
2021-05-08 16:00:00,,,,,,
2021-05-08 17:00:00,,,,,,
2021-05-08 18:00:00,,,,,,
2021-05-08 19:00:00,,,,,,
2021-05-08 20:00:00,,,,,,
2021-05-08 21:00:00,,,,,,
2021-05-08 22:00:00,,,,,,
2021-05-08 23:00:00,,,,,,
2021-05-09 00:00:00,,,,,,
2021-05-09 01:00:00,,,,,,
2021-05-09 02:00:00,,,,,,
2021-05-09 03:00:00,,,,,,
2021-05-09 04:00:00,,,,,,
2021-05-09 05:00:00,,,,,,
2021-05-09 06:00:00,,,,,,
2021-05-09 07:00:00,,,,,,
2021-05-09 08:00:00,,,,,,
2021-05-09 09:00:00,,,,,,
2021-05-09 10:00:00,,,,,,
2021-05-09 11:00:00,,,,,,
2021-05-09 12:00:00,,,,,,
2021-05-09 13:00:00,,,,,,
2021-05-09 14:00:00,,,,,,
2021-05-09 15:00:00,,,,,,
2021-05-09 16:00:00,,,,,,
2021-05-09 17:00:00,,,,,,
2021-05-09 18:00:00,,,,,,
2021-05-09 19:00:00,,,,,,
2021-05-09 20:00:00,,,,,,
2021-05-09 21:00:00,,,,,,
2021-05-09 22:00:00,,,,,,
2021-05-09 23:00:00,,,,,,
2021-05-10 00:00:00,,,,,,
2021-05-10 01:00:00,,,,,,
2021-05-10 02:00:00,,,,,,
2021-05-10 03:00:00,,,,,,
2021-05-10 04:00:00,,,,,,
2021-05-10 05:00:00,,,,,,
2021-05-10 06:00:00,,,,,,
2021-05-10 07:00:00,,,,,,
2021-05-10 08:00:00,,,,,,
2021-05-10 09:00:00,,,,,,
2021-05-10 10:00:00,,,,,,
2021-05-10 11:00:00,,,,,,
2021-05-10 12:00:00,,,,,,
2021-05-10 13:00:00,,,,,,
2021-05-10 14:00:00,,,,,,
2021-05-10 15:00:00,,,,,,
2021-05-10 16:00:00,,,,,,
2021-05-10 17:00:00,,,,,,
2021-05-10 18:00:00,,,,,,
2021-05-10 19:00:00,,,,,,
2021-05-10 20:00:00,,,,,,
2021-05-10 21:00:00,,,,,,
2021-05-10 22:00:00,,,,,,
2021-05-10 23:00:00,,,,,,
2021-05-11 00:00:00,,,,,,
2021-05-11 01:00:00,,,,,,
2021-05-11 02:00:00,,,,,,
2021-05-11 03:00:00,,,,,,
2021-05-11 04:00:00,,,,,,
2021-05-11 05:00:00,,,,,,
2021-05-11 06:00:00,,,,,,
2021-05-11 07:00:00,,,,,,
2021-05-11 08:00:00,,,,,,
2021-05-11 09:00:00,,,,,,
2021-05-11 10:00:00,,,,,,
2021-05-11 11:00:00,,,,,,
2021-05-11 12:00:00,,,,,,
2021-05-11 13:00:00,,,,,,
2021-05-11 14:00:00,,,,,,
2021-05-11 15:00:00,,,,,,
2021-05-11 16:00:00,,,,,,
2021-05-11 17:00:00,,,,,,
2021-05-11 18:00:00,,,,,,
2021-05-11 19:00:00,,,,,,
2021-05-11 20:00:00,,,,,,
2021-05-11 21:00:00,,,,,,
2021-05-11 22:00:00,,,,,,
2021-05-11 23:00:00,,,,,,
2021-05-12 00:00:00,,,,,,
2021-05-12 01:00:00,,,,,,
2021-05-12 02:00:00,,,,,,
2021-05-12 03:00:00,,,,,,
2021-05-12 04:00:00,,,,,,
2021-05-12 05:00:00,,,,,,
2021-05-12 06:00:00,,,,,,
2021-05-12 07:00:00,,,,,,
2021-05-12 08:00:00,,,,,,
2021-05-12 09:00:00,,,,,,
2021-05-12 10:00:00,,,,,,
2021-05-12 11:00:00,,,,,,
2021-05-12 12:00:00,,,,,,
2021-05-12 13:00:00,,,,,,
2021-05-12 14:00:00,,,,,,
2021-05-12 15:00:00,,,,,,
2021-05-12 16:00:00,,,,,,
2021-05-12 17:00:00,,,,,,
2021-05-12 18:00:00,,,,,,
2021-05-12 19:00:00,,,,,,
2021-05-12 20:00:00,,,,,,
2021-05-12 21:00:00,,,,,,
2021-05-12 22:00:00,,,,,,
2021-05-12 23:00:00,,,,,,
2021-05-13 00:00:00,,,,,,
2021-05-13 01:00:00,,,,,,
2021-05-13 02:00:00,,,,,,
2021-05-13 03:00:00,,,,,,
2021-05-13 04:00:00,,,,,,
2021-05-13 05:00:00,,,,,,
2021-05-13 06:00:00,,,,,,
2021-05-13 07:00:00,,,,,,
2021-05-13 08:00:00,,,,,,
2021-05-13 09:00:00,,,,,,
2021-05-13 10:00:00,,,,,,
2021-05-13 11:00:00,,,,,,
2021-05-13 12:00:00,,,,,,
2021-05-13 13:00:00,,,,,,
2021-05-13 14:00:00,,,,,,
2021-05-13 15:00:00,,,,,,
2021-05-13 16:00:00,,,,,,
2021-05-13 17:00:00,,,,,,
2021-05-13 18:00:00,,,,,,
2021-05-13 19:00:00,,,,,,
2021-05-13 20:00:00,,,,,,
2021-05-13 21:00:00,,,,,,
2021-05-13 22:00:00,,,,,,
2021-05-13 23:00:00,,,,,,
2021-05-14 00:00:00,,,,,,
2021-05-14 01:00:00,,,,,,
2021-05-14 02:00:00,,,,,,
2021-05-14 03:00:00,,,,,,
2021-05-14 04:00:00,,,,,,
2021-05-14 05:00:00,,,,,,
2021-05-14 06:00:00,,,,,,
2021-05-14 07:00:00,,,,,,
2021-05-14 08:00:00,,,,,,
2021-05-14 09:00:00,,,,,,
2021-05-14 10:00:00,,,,,,
2021-05-14 11:00:00,,,,,,
2021-05-14 12:00:00,,,,,,
2021-05-14 13:00:00,,,,,,
2021-05-14 14:00:00,,,,,,
2021-05-14 15:00:00,,,,,,
2021-05-14 16:00:00,,,,,,
2021-05-14 17:00:00,,,,,,
2021-05-14 18:00:00,,,,,,
2021-05-14 19:00:00,,,,,,
2021-05-14 20:00:00,,,,,,
2021-05-14 21:00:00,,,,,,
2021-05-14 22:00:00,,,,,,
2021-05-14 23:00:00,,,,,,
2021-05-15 00:00:00,,,,,,
2021-05-15 01:00:00,,,,,,
2021-05-15 02:00:00,,,,,,
2021-05-15 03:00:00,,,,,,
2021-05-15 04:00:00,,,,,,
2021-05-15 05:00:00,,,,,,
2021-05-15 06:00:00,,,,,,
2021-05-15 07:00:00,,,,,,
2021-05-15 08:00:00,,,,,,
2021-05-15 09:00:00,,,,,,
2021-05-15 10:00:00,,,,,,
2021-05-15 11:00:00,,,,,,
2021-05-15 12:00:00,,,,,,
2021-05-15 13:00:00,,,,,,
2021-05-15 14:00:00,,,,,,
2021-05-15 15:00:00,,,,,,
2021-05-15 16:00:00,,,,,,
2021-05-15 17:00:00,,,,,,
2021-05-15 18:00:00,,,,,,
2021-05-15 19:00:00,,,,,,
2021-05-15 20:00:00,,,,,,
2021-05-15 21:00:00,,,,,,
2021-05-15 22:00:00,,,,,,
2021-05-15 23:00:00,,,,,,
2021-05-16 00:00:00,,,,,,
2021-05-16 01:00:00,,,,,,
2021-05-16 02:00:00,,,,,,
2021-05-16 03:00:00,,,,,,
2021-05-16 04:00:00,,,,,,
2021-05-16 05:00:00,,,,,,
2021-05-16 06:00:00,,,,,,
2021-05-16 07:00:00,,,,,,
2021-05-16 08:00:00,,,,,,
2021-05-16 09:00:00,,,,,,
2021-05-16 10:00:00,,,,,,
2021-05-16 11:00:00,,,,,,
2021-05-16 12:00:00,,,,,,
2021-05-16 13:00:00,,,,,,
2021-05-16 14:00:00,,,,,,
2021-05-16 15:00:00,,,,,,
2021-05-16 16:00:00,,,,,,
2021-05-16 17:00:00,,,,,,
2021-05-16 18:00:00,,,,,,
2021-05-16 19:00:00,,,,,,
2021-05-16 20:00:00,,,,,,
2021-05-16 21:00:00,,,,,,
2021-05-16 22:00:00,,,,,,
2021-05-16 23:00:00,,,,,,
2021-05-17 00:00:00,,,,,,
2021-05-17 01:00:00,,,,,,
2021-05-17 02:00:00,,,,,,
2021-05-17 03:00:00,,,,,,
2021-05-17 04:00:00,,,,,,
2021-05-17 05:00:00,,,,,,
2021-05-17 06:00:00,,,,,,
2021-05-17 07:00:00,,,,,,
2021-05-17 08:00:00,,,,,,
2021-05-17 09:00:00,,,,,,
2021-05-17 10:00:00,,,,,,
2021-05-17 11:00:00,,,,,,
2021-05-17 12:00:00,,,,,,
2021-05-17 13:00:00,,,,,,
2021-05-17 14:00:00,,,,,,
2021-05-17 15:00:00,,,,,,
2021-05-17 16:00:00,,,,,,
2021-05-17 17:00:00,,,,,,
2021-05-17 18:00:00,,,,,,
2021-05-17 19:00:00,,,,,,
2021-05-17 20:00:00,,,,,,
2021-05-17 21:00:00,,,,,,
2021-05-17 22:00:00,,,,,,
2021-05-17 23:00:00,,,,,,
2021-05-18 00:00:00,,,,,,
2021-05-18 01:00:00,,,,,,
2021-05-18 02:00:00,,,,,,
2021-05-18 03:00:00,,,,,,
2021-05-18 04:00:00,,,,,,
2021-05-18 05:00:00,,,,,,
2021-05-18 06:00:00,,,,,,
2021-05-18 07:00:00,,,,,,
2021-05-18 08:00:00,,,,,,
2021-05-18 09:00:00,,,,,,
2021-05-18 10:00:00,,,,,,
2021-05-18 11:00:00,,,,,,
2021-05-18 12:00:00,,,,,,
2021-05-18 13:00:00,,,,,,
2021-05-18 14:00:00,,,,,,
2021-05-18 15:00:00,,,,,,
2021-05-18 16:00:00,,,,,,
2021-05-18 17:00:00,,,,,,
2021-05-18 18:00:00,,,,,,
2021-05-18 19:00:00,,,,,,
2021-05-18 20:00:00,,,,,,
2021-05-18 21:00:00,,,,,,
2021-05-18 22:00:00,,,,,,
2021-05-18 23:00:00,,,,,,
2021-05-19 00:00:00,,,,,,
2021-05-19 01:00:00,,,,,,
2021-05-19 02:00:00,,,,,,
2021-05-19 03:00:00,,,,,,
2021-05-19 04:00:00,,,,,,
2021-05-19 05:00:00,,,,,,
2021-05-19 06:00:00,,,,,,
2021-05-19 07:00:00,,,,,,
2021-05-19 08:00:00,,,,,,
2021-05-19 09:00:00,,,,,,
2021-05-19 10:00:00,,,,,,
2021-05-19 11:00:00,,,,,,
2021-05-19 12:00:00,,,,,,
2021-05-19 13:00:00,,,,,,
2021-05-19 14:00:00,,,,,,
2021-05-19 15:00:00,,,,,,
2021-05-19 16:00:00,,,,,,
2021-05-19 17:00:00,,,,,,
2021-05-19 18:00:00,,,,,,
2021-05-19 19:00:00,,,,,,
2021-05-19 20:00:00,,,,,,
2021-05-19 21:00:00,,,,,,
2021-05-19 22:00:00,,,,,,
2021-05-19 23:00:00,,,,,,
2021-05-20 00:00:00,,,,,,
2021-05-20 01:00:00,,,,,,
2021-05-20 02:00:00,,,,,,
2021-05-20 03:00:00,,,,,,
2021-05-20 04:00:00,,,,,,
2021-05-20 05:00:00,,,,,,
2021-05-20 06:00:00,,,,,,
2021-05-20 07:00:00,,,,,,
2021-05-20 08:00:00,,,,,,
2021-05-20 09:00:00,,,,,,
2021-05-20 10:00:00,,,,,,
2021-05-20 11:00:00,,,,,,
2021-05-20 12:00:00,,,,,,
2021-05-20 13:00:00,,,,,,
2021-05-20 14:00:00,,,,,,
2021-05-20 15:00:00,,,,,,
2021-05-20 16:00:00,,,,,,
2021-05-20 17:00:00,,,,,,
2021-05-20 18:00:00,,,,,,
2021-05-20 19:00:00,,,,,,
2021-05-20 20:00:00,,,,,,
2021-05-20 21:00:00,,,,,,
2021-05-20 22:00:00,,,,,,
2021-05-20 23:00:00,,,,,,
2021-05-21 00:00:00,,,,,,
2021-05-21 01:00:00,,,,,,
2021-05-21 02:00:00,,,,,,
2021-05-21 03:00:00,,,,,,
2021-05-21 04:00:00,,,,,,
2021-05-21 05:00:00,,,,,,
2021-05-21 06:00:00,,,,,,
2021-05-21 07:00:00,,,,,,
2021-05-21 08:00:00,,,,,,
2021-05-21 09:00:00,,,,,,
2021-05-21 10:00:00,,,,,,
2021-05-21 11:00:00,,,,,,
2021-05-21 12:00:00,,,,,,
2021-05-21 13:00:00,,,,,,
2021-05-21 14:00:00,,,,,,
2021-05-21 15:00:00,,,,,,
2021-05-21 16:00:00,,,,,,
2021-05-21 17:00:00,,,,,,
2021-05-21 18:00:00,,,,,,
2021-05-21 19:00:00,,,,,,
2021-05-21 20:00:00,,,,,,
2021-05-21 21:00:00,,,,,,
2021-05-21 22:00:00,,,,,,
2021-05-21 23:00:00,,,,,,
2021-05-22 00:00:00,,,,,,
2021-05-22 01:00:00,,,,,,
2021-05-22 02:00:00,,,,,,
2021-05-22 03:00:00,,,,,,
2021-05-22 04:00:00,,,,,,
2021-05-22 05:00:00,,,,,,
2021-05-22 06:00:00,,,,,,
2021-05-22 07:00:00,,,,,,
2021-05-22 08:00:00,,,,,,
2021-05-22 09:00:00,,,,,,
2021-05-22 10:00:00,,,,,,
2021-05-22 11:00:00,,,,,,
2021-05-22 12:00:00,,,,,,
2021-05-22 13:00:00,,,,,,
2021-05-22 14:00:00,,,,,,
2021-05-22 15:00:00,,,,,,
2021-05-22 16:00:00,,,,,,
2021-05-22 17:00:00,,,,,,
2021-05-22 18:00:00,,,,,,
2021-05-22 19:00:00,,,,,,
2021-05-22 20:00:00,,,,,,
2021-05-22 21:00:00,,,,,,
2021-05-22 22:00:00,,,,,,
2021-05-22 23:00:00,,,,,,
2021-05-23 00:00:00,,,,,,
2021-05-23 01:00:00,,,,,,
2021-05-23 02:00:00,,,,,,
2021-05-23 03:00:00,,,,,,
2021-05-23 04:00:00,,,,,,
2021-05-23 05:00:00,,,,,,
2021-05-23 06:00:00,,,,,,
2021-05-23 07:00:00,,,,,,
2021-05-23 08:00:00,,,,,,
2021-05-23 09:00:00,,,,,,
2021-05-23 10:00:00,,,,,,
2021-05-23 11:00:00,,,,,,
2021-05-23 12:00:00,,,,,,
2021-05-23 13:00:00,,,,,,
2021-05-23 14:00:00,,,,,,
2021-05-23 15:00:00,,,,,,
2021-05-23 16:00:00,,,,,,
2021-05-23 17:00:00,,,,,,
2021-05-23 18:00:00,,,,,,
2021-05-23 19:00:00,,,,,,
2021-05-23 20:00:00,,,,,,
2021-05-23 21:00:00,,,,,,
2021-05-23 22:00:00,,,,,,
2021-05-23 23:00:00,,,,,,
2021-05-24 00:00:00,,,,,,
2021-05-24 01:00:00,,,,,,
2021-05-24 02:00:00,,,,,,
2021-05-24 03:00:00,,,,,,
2021-05-24 04:00:00,,,,,,
2021-05-24 05:00:00,,,,,,
2021-05-24 06:00:00,,,,,,
2021-05-24 07:00:00,,,,,,
2021-05-24 08:00:00,,,,,,
2021-05-24 09:00:00,,,,,,
2021-05-24 10:00:00,,,,,,
2021-05-24 11:00:00,,,,,,
2021-05-24 12:00:00,,,,,,
2021-05-24 13:00:00,,,,,,
2021-05-24 14:00:00,,,,,,
2021-05-24 15:00:00,,,,,,
2021-05-24 16:00:00,,,,,,
2021-05-24 17:00:00,,,,,,
2021-05-24 18:00:00,,,,,,
2021-05-24 19:00:00,,,,,,
2021-05-24 20:00:00,,,,,,
2021-05-24 21:00:00,,,,,,
2021-05-24 22:00:00,,,,,,
2021-05-24 23:00:00,,,,,,
2021-05-25 00:00:00,,,,,,
2021-05-25 01:00:00,,,,,,
2021-05-25 02:00:00,,,,,,
2021-05-25 03:00:00,,,,,,
2021-05-25 04:00:00,,,,,,
2021-05-25 05:00:00,,,,,,
2021-05-25 06:00:00,,,,,,
2021-05-25 07:00:00,,,,,,
2021-05-25 08:00:00,,,,,,
2021-05-25 09:00:00,,,,,,
2021-05-25 10:00:00,,,,,,
2021-05-25 11:00:00,,,,,,
2021-05-25 12:00:00,,,,,,
2021-05-25 13:00:00,,,,,,
2021-05-25 14:00:00,,,,,,
2021-05-25 15:00:00,,,,,,
2021-05-25 16:00:00,,,,,,
2021-05-25 17:00:00,,,,,,
2021-05-25 18:00:00,,,,,,
2021-05-25 19:00:00,,,,,,
2021-05-25 20:00:00,,,,,,
2021-05-25 21:00:00,,,,,,
2021-05-25 22:00:00,,,,,,
2021-05-25 23:00:00,,,,,,
2021-05-26 00:00:00,,,,,,
2021-05-26 01:00:00,,,,,,
2021-05-26 02:00:00,,,,,,
2021-05-26 03:00:00,,,,,,
2021-05-26 04:00:00,,,,,,
2021-05-26 05:00:00,,,,,,
2021-05-26 06:00:00,,,,,,
2021-05-26 07:00:00,,,,,,
2021-05-26 08:00:00,,,,,,
2021-05-26 09:00:00,,,,,,
2021-05-26 10:00:00,,,,,,
2021-05-26 11:00:00,,,,,,
2021-05-26 12:00:00,,,,,,
2021-05-26 13:00:00,,,,,,
2021-05-26 14:00:00,,,,,,
2021-05-26 15:00:00,,,,,,
2021-05-26 16:00:00,,,,,,
2021-05-26 17:00:00,,,,,,
2021-05-26 18:00:00,,,,,,
2021-05-26 19:00:00,,,,,,
2021-05-26 20:00:00,,,,,,
2021-05-26 21:00:00,,,,,,
2021-05-26 22:00:00,,,,,,
2021-05-26 23:00:00,,,,,,
2021-05-27 00:00:00,,,,,,
2021-05-27 01:00:00,,,,,,
2021-05-27 02:00:00,,,,,,
2021-05-27 03:00:00,,,,,,
2021-05-27 04:00:00,,,,,,
2021-05-27 05:00:00,,,,,,
2021-05-27 06:00:00,,,,,,
2021-05-27 07:00:00,,,,,,
2021-05-27 08:00:00,,,,,,
2021-05-27 09:00:00,,,,,,
2021-05-27 10:00:00,,,,,,
2021-05-27 11:00:00,,,,,,
2021-05-27 12:00:00,,,,,,
2021-05-27 13:00:00,,,,,,
2021-05-27 14:00:00,,,,,,
2021-05-27 15:00:00,,,,,,
2021-05-27 16:00:00,,,,,,
2021-05-27 17:00:00,,,,,,
2021-05-27 18:00:00,,,,,,
2021-05-27 19:00:00,,,,,,
2021-05-27 20:00:00,,,,,,
2021-05-27 21:00:00,,,,,,
2021-05-27 22:00:00,,,,,,
2021-05-27 23:00:00,,,,,,
2021-05-28 00:00:00,,,,,,
2021-05-28 01:00:00,,,,,,
2021-05-28 02:00:00,,,,,,
2021-05-28 03:00:00,,,,,,
2021-05-28 04:00:00,,,,,,
2021-05-28 05:00:00,,,,,,
2021-05-28 06:00:00,,,,,,
2021-05-28 07:00:00,,,,,,
2021-05-28 08:00:00,,,,,,
2021-05-28 09:00:00,,,,,,
2021-05-28 10:00:00,,,,,,
2021-05-28 11:00:00,,,,,,
2021-05-28 12:00:00,,,,,,
2021-05-28 13:00:00,,,,,,
2021-05-28 14:00:00,,,,,,
2021-05-28 15:00:00,,,,,,
2021-05-28 16:00:00,,,,,,
2021-05-28 17:00:00,,,,,,
2021-05-28 18:00:00,,,,,,
2021-05-28 19:00:00,,,,,,
2021-05-28 20:00:00,,,,,,
2021-05-28 21:00:00,,,,,,
2021-05-28 22:00:00,,,,,,
2021-05-28 23:00:00,,,,,,
2021-05-29 00:00:00,,,,,,
2021-05-29 01:00:00,,,,,,
2021-05-29 02:00:00,,,,,,
2021-05-29 03:00:00,,,,,,
2021-05-29 04:00:00,,,,,,
2021-05-29 05:00:00,,,,,,
2021-05-29 06:00:00,,,,,,
2021-05-29 07:00:00,,,,,,
2021-05-29 08:00:00,,,,,,
2021-05-29 09:00:00,,,,,,
2021-05-29 10:00:00,,,,,,
2021-05-29 11:00:00,,,,,,
2021-05-29 12:00:00,,,,,,
2021-05-29 13:00:00,,,,,,
2021-05-29 14:00:00,,,,,,
2021-05-29 15:00:00,,,,,,
2021-05-29 16:00:00,,,,,,
2021-05-29 17:00:00,,,,,,
2021-05-29 18:00:00,,,,,,
2021-05-29 19:00:00,,,,,,
2021-05-29 20:00:00,,,,,,
2021-05-29 21:00:00,,,,,,
2021-05-29 22:00:00,,,,,,
2021-05-29 23:00:00,,,,,,
2021-05-30 00:00:00,,,,,,
2021-05-30 01:00:00,,,,,,
2021-05-30 02:00:00,,,,,,
2021-05-30 03:00:00,,,,,,
2021-05-30 04:00:00,,,,,,
2021-05-30 05:00:00,,,,,,
2021-05-30 06:00:00,,,,,,
2021-05-30 07:00:00,,,,,,
2021-05-30 08:00:00,,,,,,
2021-05-30 09:00:00,,,,,,
2021-05-30 10:00:00,,,,,,
2021-05-30 11:00:00,,,,,,
2021-05-30 12:00:00,,,,,,
2021-05-30 13:00:00,,,,,,
2021-05-30 14:00:00,,,,,,
2021-05-30 15:00:00,,,,,,
2021-05-30 16:00:00,,,,,,
2021-05-30 17:00:00,,,,,,
2021-05-30 18:00:00,,,,,,
2021-05-30 19:00:00,,,,,,
2021-05-30 20:00:00,,,,,,
2021-05-30 21:00:00,,,,,,
2021-05-30 22:00:00,,,,,,
2021-05-30 23:00:00,,,,,,
2021-05-31 00:00:00,,,,,,
2021-05-31 01:00:00,,,,,,
2021-05-31 02:00:00,,,,,,
2021-05-31 03:00:00,,,,,,
2021-05-31 04:00:00,,,,,,
2021-05-31 05:00:00,,,,,,
2021-05-31 06:00:00,,,,,,
2021-05-31 07:00:00,,,,,,
2021-05-31 08:00:00,,,,,,
2021-05-31 09:00:00,,,,,,
2021-05-31 10:00:00,,,,,,
2021-05-31 11:00:00,,,,,,
2021-05-31 12:00:00,,,,,,
2021-05-31 13:00:00,,,,,,
2021-05-31 14:00:00,,,,,,
2021-05-31 15:00:00,,,,,,
2021-05-31 16:00:00,,,,,,
2021-05-31 17:00:00,,,,,,
2021-05-31 18:00:00,,,,,,
2021-05-31 19:00:00,,,,,,
2021-05-31 20:00:00,,,,,,
2021-05-31 21:00:00,,,,,,
2021-05-31 22:00:00,,,,,,
2021-05-31 23:00:00,,,,,,
2021-06-01 00:00:00,,,,,,
2021-06-01 01:00:00,,,,,,
2021-06-01 02:00:00,,,,,,
2021-06-01 03:00:00,,,,,,
2021-06-01 04:00:00,,,,,,
2021-06-01 05:00:00,,,,,,
2021-06-01 06:00:00,,,,,,
2021-06-01 07:00:00,,,,,,
2021-06-01 08:00:00,,,,,,
2021-06-01 09:00:00,,,,,,
2021-06-01 10:00:00,,,,,,
2021-06-01 11:00:00,,,,,,
2021-06-01 12:00:00,,,,,,
2021-06-01 13:00:00,,,,,,
2021-06-01 14:00:00,,,,,,
2021-06-01 15:00:00,,,,,,
2021-06-01 16:00:00,,,,,,
2021-06-01 17:00:00,,,,,,
2021-06-01 18:00:00,,,,,,
2021-06-01 19:00:00,,,,,,
2021-06-01 20:00:00,,,,,,
2021-06-01 21:00:00,,,,,,
2021-06-01 22:00:00,,,,,,
2021-06-01 23:00:00,,,,,,
2021-06-02 00:00:00,,,,,,
2021-06-02 01:00:00,,,,,,
2021-06-02 02:00:00,,,,,,
2021-06-02 03:00:00,,,,,,
2021-06-02 04:00:00,,,,,,
2021-06-02 05:00:00,,,,,,
2021-06-02 06:00:00,,,,,,
2021-06-02 07:00:00,,,,,,
2021-06-02 08:00:00,,,,,,
2021-06-02 09:00:00,,,,,,
2021-06-02 10:00:00,,,,,,
2021-06-02 11:00:00,,,,,,
2021-06-02 12:00:00,,,,,,
2021-06-02 13:00:00,,,,,,
2021-06-02 14:00:00,,,,,,
2021-06-02 15:00:00,,,,,,
2021-06-02 16:00:00,,,,,,
2021-06-02 17:00:00,,,,,,
2021-06-02 18:00:00,,,,,,
2021-06-02 19:00:00,,,,,,
2021-06-02 20:00:00,,,,,,
2021-06-02 21:00:00,,,,,,
2021-06-02 22:00:00,,,,,,
2021-06-02 23:00:00,,,,,,
2021-06-03 00:00:00,,,,,,
2021-06-03 01:00:00,,,,,,
2021-06-03 02:00:00,,,,,,
2021-06-03 03:00:00,,,,,,
2021-06-03 04:00:00,,,,,,
2021-06-03 05:00:00,,,,,,
2021-06-03 06:00:00,,,,,,
2021-06-03 07:00:00,,,,,,
2021-06-03 08:00:00,,,,,,
2021-06-03 09:00:00,,,,,,
2021-06-03 10:00:00,,,,,,
2021-06-03 11:00:00,,,,,,
2021-06-03 12:00:00,,,,,,
2021-06-03 13:00:00,,,,,,
2021-06-03 14:00:00,,,,,,
2021-06-03 15:00:00,,,,,,
2021-06-03 16:00:00,,,,,,
2021-06-03 17:00:00,,,,,,
2021-06-03 18:00:00,,,,,,
2021-06-03 19:00:00,,,,,,
2021-06-03 20:00:00,,,,,,
2021-06-03 21:00:00,,,,,,
2021-06-03 22:00:00,,,,,,
2021-06-03 23:00:00,,,,,,
2021-06-04 00:00:00,,,,,,
2021-06-04 01:00:00,,,,,,
2021-06-04 02:00:00,,,,,,
2021-06-04 03:00:00,,,,,,
2021-06-04 04:00:00,,,,,,
2021-06-04 05:00:00,,,,,,
2021-06-04 06:00:00,,,,,,
2021-06-04 07:00:00,,,,,,
2021-06-04 08:00:00,,,,,,
2021-06-04 09:00:00,,,,,,
2021-06-04 10:00:00,,,,,,
2021-06-04 11:00:00,,,,,,
2021-06-04 12:00:00,,,,,,
2021-06-04 13:00:00,,,,,,
2021-06-04 14:00:00,,,,,,
2021-06-04 15:00:00,,,,,,
2021-06-04 16:00:00,,,,,,
2021-06-04 17:00:00,,,,,,
2021-06-04 18:00:00,,,,,,
2021-06-04 19:00:00,,,,,,
2021-06-04 20:00:00,,,,,,
2021-06-04 21:00:00,,,,,,
2021-06-04 22:00:00,,,,,,
2021-06-04 23:00:00,,,,,,
2021-06-05 00:00:00,,,,,,
2021-06-05 01:00:00,,,,,,
2021-06-05 02:00:00,,,,,,
2021-06-05 03:00:00,,,,,,
2021-06-05 04:00:00,,,,,,
2021-06-05 05:00:00,,,,,,
2021-06-05 06:00:00,,,,,,
2021-06-05 07:00:00,,,,,,
2021-06-05 08:00:00,,,,,,
2021-06-05 09:00:00,,,,,,
2021-06-05 10:00:00,,,,,,
2021-06-05 11:00:00,,,,,,
2021-06-05 12:00:00,,,,,,
2021-06-05 13:00:00,,,,,,
2021-06-05 14:00:00,,,,,,
2021-06-05 15:00:00,,,,,,
2021-06-05 16:00:00,,,,,,
2021-06-05 17:00:00,,,,,,
2021-06-05 18:00:00,,,,,,
2021-06-05 19:00:00,,,,,,
2021-06-05 20:00:00,,,,,,
2021-06-05 21:00:00,,,,,,
2021-06-05 22:00:00,,,,,,
2021-06-05 23:00:00,,,,,,
2021-06-06 00:00:00,,,,,,
2021-06-06 01:00:00,,,,,,
2021-06-06 02:00:00,,,,,,
2021-06-06 03:00:00,,,,,,
2021-06-06 04:00:00,,,,,,
2021-06-06 05:00:00,,,,,,
2021-06-06 06:00:00,,,,,,
2021-06-06 07:00:00,,,,,,
2021-06-06 08:00:00,,,,,,
2021-06-06 09:00:00,,,,,,
2021-06-06 10:00:00,,,,,,
2021-06-06 11:00:00,,,,,,
2021-06-06 12:00:00,,,,,,
2021-06-06 13:00:00,,,,,,
2021-06-06 14:00:00,,,,,,
2021-06-06 15:00:00,,,,,,
2021-06-06 16:00:00,,,,,,
2021-06-06 17:00:00,,,,,,
2021-06-06 18:00:00,,,,,,
2021-06-06 19:00:00,,,,,,
2021-06-06 20:00:00,,,,,,
2021-06-06 21:00:00,,,,,,
2021-06-06 22:00:00,,,,,,
2021-06-06 23:00:00,,,,,,
2021-06-07 00:00:00,,,,,,
2021-06-07 01:00:00,,,,,,
2021-06-07 02:00:00,,,,,,
2021-06-07 03:00:00,,,,,,
2021-06-07 04:00:00,,,,,,
2021-06-07 05:00:00,,,,,,
2021-06-07 06:00:00,,,,,,
2021-06-07 07:00:00,,,,,,
2021-06-07 08:00:00,,,,,,
2021-06-07 09:00:00,,,,,,
2021-06-07 10:00:00,,,,,,
2021-06-07 11:00:00,,,,,,
2021-06-07 12:00:00,,,,,,
2021-06-07 13:00:00,,,,,,
2021-06-07 14:00:00,,,,,,
2021-06-07 15:00:00,,,,,,
2021-06-07 16:00:00,,,,,,
2021-06-07 17:00:00,,,,,,
2021-06-07 18:00:00,,,,,,
2021-06-07 19:00:00,,,,,,
2021-06-07 20:00:00,,,,,,
2021-06-07 21:00:00,,,,,,
2021-06-07 22:00:00,,,,,,
2021-06-07 23:00:00,,,,,,
2021-06-08 00:00:00,,,,,,
2021-06-08 01:00:00,,,,,,
2021-06-08 02:00:00,,,,,,
2021-06-08 03:00:00,,,,,,
2021-06-08 04:00:00,,,,,,
2021-06-08 05:00:00,,,,,,
2021-06-08 06:00:00,,,,,,
2021-06-08 07:00:00,,,,,,
2021-06-08 08:00:00,,,,,,
2021-06-08 09:00:00,,,,,,
2021-06-08 10:00:00,,,,,,
2021-06-08 11:00:00,,,,,,
2021-06-08 12:00:00,,,,,,
2021-06-08 13:00:00,,,,,,
2021-06-08 14:00:00,,,,,,
2021-06-08 15:00:00,,,,,,
2021-06-08 16:00:00,,,,,,
2021-06-08 17:00:00,,,,,,
2021-06-08 18:00:00,,,,,,
2021-06-08 19:00:00,,,,,,
2021-06-08 20:00:00,,,,,,
2021-06-08 21:00:00,,,,,,
2021-06-08 22:00:00,,,,,,
2021-06-08 23:00:00,,,,,,
2021-06-09 00:00:00,,,,,,
2021-06-09 01:00:00,,,,,,
2021-06-09 02:00:00,,,,,,
2021-06-09 03:00:00,,,,,,
2021-06-09 04:00:00,,,,,,
2021-06-09 05:00:00,,,,,,
2021-06-09 06:00:00,,,,,,
2021-06-09 07:00:00,,,,,,
2021-06-09 08:00:00,,,,,,
2021-06-09 09:00:00,,,,,,
2021-06-09 10:00:00,,,,,,
2021-06-09 11:00:00,,,,,,
2021-06-09 12:00:00,,,,,,
2021-06-09 13:00:00,,,,,,
2021-06-09 14:00:00,,,,,,
2021-06-09 15:00:00,,,,,,
2021-06-09 16:00:00,,,,,,
2021-06-09 17:00:00,,,,,,
2021-06-09 18:00:00,,,,,,
2021-06-09 19:00:00,,,,,,
2021-06-09 20:00:00,,,,,,
2021-06-09 21:00:00,,,,,,
2021-06-09 22:00:00,,,,,,
2021-06-09 23:00:00,,,,,,
2021-06-10 00:00:00,,,,,,
2021-06-10 01:00:00,,,,,,
2021-06-10 02:00:00,,,,,,
2021-06-10 03:00:00,,,,,,
2021-06-10 04:00:00,,,,,,
2021-06-10 05:00:00,,,,,,
2021-06-10 06:00:00,,,,,,
2021-06-10 07:00:00,,,,,,
2021-06-10 08:00:00,,,,,,
2021-06-10 09:00:00,,,,,,
2021-06-10 10:00:00,,,,,,
2021-06-10 11:00:00,,,,,,
2021-06-10 12:00:00,,,,,,
2021-06-10 13:00:00,,,,,,
2021-06-10 14:00:00,,,,,,
2021-06-10 15:00:00,,,,,,
2021-06-10 16:00:00,,,,,,
2021-06-10 17:00:00,,,,,,
2021-06-10 18:00:00,,,,,,
2021-06-10 19:00:00,,,,,,
2021-06-10 20:00:00,,,,,,
2021-06-10 21:00:00,,,,,,
2021-06-10 22:00:00,,,,,,
2021-06-10 23:00:00,,,,,,
2021-06-11 00:00:00,,,,,,
2021-06-11 01:00:00,,,,,,
2021-06-11 02:00:00,,,,,,
2021-06-11 03:00:00,,,,,,
2021-06-11 04:00:00,,,,,,
2021-06-11 05:00:00,,,,,,
2021-06-11 06:00:00,,,,,,
2021-06-11 07:00:00,,,,,,
2021-06-11 08:00:00,,,,,,
2021-06-11 09:00:00,,,,,,
2021-06-11 10:00:00,,,,,,
2021-06-11 11:00:00,,,,,,
2021-06-11 12:00:00,,,,,,
2021-06-11 13:00:00,,,,,,
2021-06-11 14:00:00,,,,,,
2021-06-11 15:00:00,,,,,,
2021-06-11 16:00:00,,,,,,
2021-06-11 17:00:00,,,,,,
2021-06-11 18:00:00,,,,,,
2021-06-11 19:00:00,,,,,,
2021-06-11 20:00:00,,,,,,
2021-06-11 21:00:00,,,,,,
2021-06-11 22:00:00,,,,,,
2021-06-11 23:00:00,,,,,,
2021-06-12 00:00:00,,,,,,
2021-06-12 01:00:00,,,,,,
2021-06-12 02:00:00,,,,,,
2021-06-12 03:00:00,,,,,,
2021-06-12 04:00:00,,,,,,
2021-06-12 05:00:00,,,,,,
2021-06-12 06:00:00,,,,,,
2021-06-12 07:00:00,,,,,,
2021-06-12 08:00:00,,,,,,
2021-06-12 09:00:00,,,,,,
2021-06-12 10:00:00,,,,,,
2021-06-12 11:00:00,,,,,,
2021-06-12 12:00:00,,,,,,
2021-06-12 13:00:00,,,,,,
2021-06-12 14:00:00,,,,,,
2021-06-12 15:00:00,,,,,,
2021-06-12 16:00:00,,,,,,
2021-06-12 17:00:00,,,,,,
2021-06-12 18:00:00,,,,,,
2021-06-12 19:00:00,,,,,,
2021-06-12 20:00:00,,,,,,
2021-06-12 21:00:00,,,,,,
2021-06-12 22:00:00,,,,,,
2021-06-12 23:00:00,,,,,,
2021-06-13 00:00:00,,,,,,
2021-06-13 01:00:00,,,,,,
2021-06-13 02:00:00,,,,,,
2021-06-13 03:00:00,,,,,,
2021-06-13 04:00:00,,,,,,
2021-06-13 05:00:00,,,,,,
2021-06-13 06:00:00,,,,,,
2021-06-13 07:00:00,,,,,,
2021-06-13 08:00:00,,,,,,
2021-06-13 09:00:00,,,,,,
2021-06-13 10:00:00,,,,,,
2021-06-13 11:00:00,,,,,,
2021-06-13 12:00:00,,,,,,
2021-06-13 13:00:00,,,,,,
2021-06-13 14:00:00,,,,,,
2021-06-13 15:00:00,,,,,,
2021-06-13 16:00:00,,,,,,
2021-06-13 17:00:00,,,,,,
2021-06-13 18:00:00,,,,,,
2021-06-13 19:00:00,,,,,,
2021-06-13 20:00:00,,,,,,
2021-06-13 21:00:00,,,,,,
2021-06-13 22:00:00,,,,,,
2021-06-13 23:00:00,,,,,,
2021-06-14 00:00:00,,,,,,
2021-06-14 01:00:00,,,,,,
2021-06-14 02:00:00,,,,,,
2021-06-14 03:00:00,,,,,,
2021-06-14 04:00:00,,,,,,
2021-06-14 05:00:00,,,,,,
2021-06-14 06:00:00,,,,,,
2021-06-14 07:00:00,,,,,,
2021-06-14 08:00:00,,,,,,
2021-06-14 09:00:00,,,,,,
2021-06-14 10:00:00,,,,,,
2021-06-14 11:00:00,,,,,,
2021-06-14 12:00:00,,,,,,
2021-06-14 13:00:00,,,,,,
2021-06-14 14:00:00,,,,,,
2021-06-14 15:00:00,,,,,,
2021-06-14 16:00:00,,,,,,
2021-06-14 17:00:00,,,,,,
2021-06-14 18:00:00,,,,,,
2021-06-14 19:00:00,,,,,,
2021-06-14 20:00:00,,,,,,
2021-06-14 21:00:00,,,,,,
2021-06-14 22:00:00,,,,,,
2021-06-14 23:00:00,,,,,,
2021-06-15 00:00:00,,,,,,
2021-06-15 01:00:00,,,,,,
2021-06-15 02:00:00,,,,,,
2021-06-15 03:00:00,,,,,,
2021-06-15 04:00:00,,,,,,
2021-06-15 05:00:00,,,,,,
2021-06-15 06:00:00,,,,,,
2021-06-15 07:00:00,,,,,,
2021-06-15 08:00:00,,,,,,
2021-06-15 09:00:00,,,,,,
2021-06-15 10:00:00,,,,,,
2021-06-15 11:00:00,,,,,,
2021-06-15 12:00:00,,,,,,
2021-06-15 13:00:00,,,,,,
2021-06-15 14:00:00,,,,,,
2021-06-15 15:00:00,,,,,,
2021-06-15 16:00:00,,,,,,
2021-06-15 17:00:00,,,,,,
2021-06-15 18:00:00,,,,,,
2021-06-15 19:00:00,,,,,,
2021-06-15 20:00:00,,,,,,
2021-06-15 21:00:00,,,,,,
2021-06-15 22:00:00,,,,,,
2021-06-15 23:00:00,,,,,,
2021-06-16 00:00:00,,,,,,
2021-06-16 01:00:00,,,,,,
2021-06-16 02:00:00,,,,,,
2021-06-16 03:00:00,,,,,,
2021-06-16 04:00:00,,,,,,
2021-06-16 05:00:00,,,,,,
2021-06-16 06:00:00,,,,,,
2021-06-16 07:00:00,,,,,,
2021-06-16 08:00:00,,,,,,
2021-06-16 09:00:00,,,,,,
2021-06-16 10:00:00,,,,,,
2021-06-16 11:00:00,,,,,,
2021-06-16 12:00:00,,,,,,
2021-06-16 13:00:00,,,,,,
2021-06-16 14:00:00,,,,,,
2021-06-16 15:00:00,,,,,,
2021-06-16 16:00:00,,,,,,
2021-06-16 17:00:00,,,,,,
2021-06-16 18:00:00,,,,,,
2021-06-16 19:00:00,,,,,,
2021-06-16 20:00:00,,,,,,
2021-06-16 21:00:00,,,,,,
2021-06-16 22:00:00,,,,,,
2021-06-16 23:00:00,,,,,,
2021-06-17 00:00:00,,,,,,
2021-06-17 01:00:00,,,,,,
2021-06-17 02:00:00,,,,,,
2021-06-17 03:00:00,,,,,,
2021-06-17 04:00:00,,,,,,
2021-06-17 05:00:00,,,,,,
2021-06-17 06:00:00,,,,,,
2021-06-17 07:00:00,,,,,,
2021-06-17 08:00:00,,,,,,
2021-06-17 09:00:00,,,,,,
2021-06-17 10:00:00,,,,,,
2021-06-17 11:00:00,,,,,,
2021-06-17 12:00:00,,,,,,
2021-06-17 13:00:00,,,,,,
2021-06-17 14:00:00,,,,,,
2021-06-17 15:00:00,,,,,,
2021-06-17 16:00:00,,,,,,
2021-06-17 17:00:00,,,,,,
2021-06-17 18:00:00,,,,,,
2021-06-17 19:00:00,,,,,,
2021-06-17 20:00:00,,,,,,
2021-06-17 21:00:00,,,,,,
2021-06-17 22:00:00,,,,,,
2021-06-17 23:00:00,,,,,,
2021-06-18 00:00:00,,,,,,
2021-06-18 01:00:00,,,,,,
2021-06-18 02:00:00,,,,,,
2021-06-18 03:00:00,,,,,,
2021-06-18 04:00:00,,,,,,
2021-06-18 05:00:00,,,,,,
2021-06-18 06:00:00,,,,,,
2021-06-18 07:00:00,,,,,,
2021-06-18 08:00:00,,,,,,
2021-06-18 09:00:00,,,,,,
2021-06-18 10:00:00,,,,,,
2021-06-18 11:00:00,,,,,,
2021-06-18 12:00:00,,,,,,
2021-06-18 13:00:00,,,,,,
2021-06-18 14:00:00,,,,,,
2021-06-18 15:00:00,,,,,,
2021-06-18 16:00:00,,,,,,
2021-06-18 17:00:00,,,,,,
2021-06-18 18:00:00,,,,,,
2021-06-18 19:00:00,,,,,,
2021-06-18 20:00:00,,,,,,
2021-06-18 21:00:00,,,,,,
2021-06-18 22:00:00,,,,,,
2021-06-18 23:00:00,,,,,,
2021-06-19 00:00:00,,,,,,
2021-06-19 01:00:00,,,,,,
2021-06-19 02:00:00,,,,,,
2021-06-19 03:00:00,,,,,,
2021-06-19 04:00:00,,,,,,
2021-06-19 05:00:00,,,,,,
2021-06-19 06:00:00,,,,,,
2021-06-19 07:00:00,,,,,,
2021-06-19 08:00:00,,,,,,
2021-06-19 09:00:00,,,,,,
2021-06-19 10:00:00,,,,,,
2021-06-19 11:00:00,,,,,,
2021-06-19 12:00:00,,,,,,
2021-06-19 13:00:00,,,,,,
2021-06-19 14:00:00,,,,,,
2021-06-19 15:00:00,,,,,,
2021-06-19 16:00:00,,,,,,
2021-06-19 17:00:00,,,,,,
2021-06-19 18:00:00,,,,,,
2021-06-19 19:00:00,,,,,,
2021-06-19 20:00:00,,,,,,
2021-06-19 21:00:00,,,,,,
2021-06-19 22:00:00,,,,,,
2021-06-19 23:00:00,,,,,,
2021-06-20 00:00:00,,,,,,
2021-06-20 01:00:00,,,,,,
2021-06-20 02:00:00,,,,,,
2021-06-20 03:00:00,,,,,,
2021-06-20 04:00:00,,,,,,
2021-06-20 05:00:00,,,,,,
2021-06-20 06:00:00,,,,,,
2021-06-20 07:00:00,,,,,,
2021-06-20 08:00:00,,,,,,
2021-06-20 09:00:00,,,,,,
2021-06-20 10:00:00,,,,,,
2021-06-20 11:00:00,,,,,,
2021-06-20 12:00:00,,,,,,
2021-06-20 13:00:00,,,,,,
2021-06-20 14:00:00,,,,,,
2021-06-20 15:00:00,,,,,,
2021-06-20 16:00:00,,,,,,
2021-06-20 17:00:00,,,,,,
2021-06-20 18:00:00,,,,,,
2021-06-20 19:00:00,,,,,,
2021-06-20 20:00:00,,,,,,
2021-06-20 21:00:00,,,,,,
2021-06-20 22:00:00,,,,,,
2021-06-20 23:00:00,,,,,,
2021-06-21 00:00:00,,,,,,
2021-06-21 01:00:00,,,,,,
2021-06-21 02:00:00,,,,,,
2021-06-21 03:00:00,,,,,,
2021-06-21 04:00:00,,,,,,
2021-06-21 05:00:00,,,,,,
2021-06-21 06:00:00,,,,,,
2021-06-21 07:00:00,,,,,,
2021-06-21 08:00:00,,,,,,
2021-06-21 09:00:00,,,,,,
2021-06-21 10:00:00,,,,,,
2021-06-21 11:00:00,,,,,,
2021-06-21 12:00:00,,,,,,
2021-06-21 13:00:00,,,,,,
2021-06-21 14:00:00,,,,,,
2021-06-21 15:00:00,,,,,,
2021-06-21 16:00:00,,,,,,
2021-06-21 17:00:00,,,,,,
2021-06-21 18:00:00,,,,,,
2021-06-21 19:00:00,,,,,,
2021-06-21 20:00:00,,,,,,
2021-06-21 21:00:00,,,,,,
2021-06-21 22:00:00,,,,,,
2021-06-21 23:00:00,,,,,,
2021-06-22 00:00:00,,,,,,
2021-06-22 01:00:00,,,,,,
2021-06-22 02:00:00,,,,,,
2021-06-22 03:00:00,21.250000000009095,500.24999999877764,0,0,0,12256.749999872409
2021-06-22 04:00:00,71.74999999838292,976.2499999926149,0,0.24999999999999467,0,11721.250000130385
2021-06-22 05:00:00,66.2500000003547,1018.2499999997162,0,0,0,11675.250000227243
2021-06-22 06:00:00,27.25000000164073,88.25000000106229,6.249999999903366,0,0,12655.499999737367
2021-06-22 07:00:00,52.000000001180524,602.9999999989741,0,0,0,12125.250000040978
2021-06-22 08:00:00,28.99999999890497,99.25000000584987,50.499999999919964,0,0,12598.999999789521
2021-06-22 09:00:00,32.25000000120417,104.74999999714782,3.7500000000141753,0,0,12625.250000227243
2021-06-22 10:00:00,72.75000000008731,662.7500000045984,0,0,0,12076.74999984447
2021-06-22 11:00:00,62.74999999654938,1008.0000000081782,0,0.2500000000026148,0,11674.750000052154
2021-06-22 12:00:00,54.50000000178079,585.0000000005821,0,2.2499999999995524,0,12089.499999955297
2021-06-22 13:00:00,83.50000000214095,906.2500000012733,0,2.5000000000006573,0,11772.500000009313
2021-06-22 14:00:00,35.99999999992178,531.7499999997381,0,0,0,12199.750000028871
2021-06-22 15:00:00,49.499999999125066,394.0000000020518,0,1.749999999999119,0,12319.249999988824
2021-06-22 16:00:00,30.50000000007458,432.4999999958891,7.2499999999990905,0,0,12292.750000068918
2021-06-22 17:00:00,33.50000000118598,56.50000000168802,0,0.24999999999995026,0,12701.250000065193
2021-06-22 18:00:00,75.24999999891406,857.4999999980719,0,0.7500000000000284,0,11800.249999971129
2021-06-22 19:00:00,35.749999999234205,470.99999999027204,17.999999999938154,0.24999999999977263,0,12225.00000006985
2021-06-22 20:00:00,33.25000000145337,483.7499999995998,9.499999999934516,0,0,12221.250000083819
2021-06-22 21:00:00,21.500000000696673,144.25000000683212,0,0.4999999999997229,0,12603.999999933876
2021-06-22 22:00:00,33.75000000014552,123.2499999956417,0,0,0,12618.749999976717
2021-06-22 23:00:00,33.74999999987267,120.25000001067383,20.250000000032742,0.24999999999977263,0,12591.75000002142
2021-06-23 00:00:00,29.74999999978536,110.00000000276486,0,0.24999999999977263,0,12636.99999989476
2021-06-23 01:00:00,40.99999999839383,263.25000000470027,0.2500000000509317,0,0,12462.249999935739
2021-06-23 02:00:00,35.74999999927968,124.2500000009386,85.49999999995634,0,0,12527.499999990687
2021-06-23 03:00:00,33.24999999731517,303.24999999429565,0,0,0,12432.249999931082
2021-06-23 04:00:00,35.50000000204818,172.00000000011642,0.24999999999977263,0.49999999999998934,0,12559.250000095926
2021-06-23 05:00:00,31.750000001238732,117.74999999870488,0,0,0,12620.24999994319
2021-06-23 06:00:00,43.249999999488864,120.00000000170985,0,0.24999999999995026,0,12592.750000045635
2021-06-23 07:00:00,25.74999999915235,101.75000000690488,0.2500000000509317,0,0,12616.249999916181
2021-06-23 08:00:00,38.7499999971169,373.2499999967331,11.24999999996188,0,0,12330.250000045635
2021-06-23 09:00:00,23.499999999921783,104.74999999514694,73.74999999999545,0,0,12558.500000135973
2021-06-23 10:00:00,56.75000000037471,409.0000000051077,0,0,0,12317.749999905936
2021-06-23 11:00:00,20.0000000018008,103.4999999921638,28.750000000002274,0,0,12611.00000012666
2021-06-23 12:00:00,45.75000000054388,563.4999999967476,0.24999999995998223,0,0,12157.75000010617
2021-06-23 13:00:00,38.25000000124419,444.9999999904321,9.25000000001468,0.2500000000001279,0,12251.25000004191
2021-06-23 14:00:00,,,,,,
2021-06-23 15:00:00,,,,,,
2021-06-23 16:00:00,,,,,,
2021-06-23 17:00:00,24.9999999999998,74.7500000000004,0.25,0,0,12676.999999999947
2021-06-23 18:00:00,34.499999999999574,250.74999999999977,0,0.25,0,12496.499999999696
2021-06-23 19:00:00,25.25000000000017,134.25000000000028,0,0,0,12636.2499999997
2021-06-23 20:00:00,18.754688672168122,85.27131782945861,0,0,0,12678.669667417118
2021-06-23 21:00:00,112.77819454863743,87.02175543885924,1.2503125781445539,0,0,12588.647161790463
2021-06-23 22:00:00,28.249999999999776,151,0,0,0,12606.5
2021-06-23 23:00:00,67,51.00000000000065,0,0,0,12656.250000000005
2021-06-24 00:00:00,69.7500000000002,57.24999999999749,5.000000000000071,0.49999999999999994,0,12666.500000000018
2021-06-24 01:00:00,61.26531632908348,82.27056764190735,14.00350087521886,0,0,12628.15703925984
2021-06-24 02:00:00,74.99999999999841,77.2500000000015,6.750000000000256,0.2499999999999999,0,12634.25000000043
2021-06-24 03:00:00,100.999999999999,520.4999999999974,0,0.24999999999999997,0,12145.000000000073
2021-06-24 04:00:00,68.74999999999831,69.99999999999389,0,0.49999999999999994,0,12650.249999999505
2021-06-24 05:00:00,59.49999999999838,56.75000000000736,5.499999999999972,0,0,12676.000000000204
2021-06-24 06:00:00,72.49999999999713,80.50000000001418,0.5000000000000004,0,0,12649.999999999909
2021-06-24 07:00:00,68.75000000000196,59.000000000003894,12.000000000000455,0,0,12654.499999999643
2021-06-24 08:00:00,70.99999999999812,46.2499999999892,0,0,0,12669.250000001193
2021-06-24 09:00:00,75.25000000000333,441.25000000000654,0,0,0,12281.499999998232
2021-06-24 10:00:00,44.50000000000005,464.74999999999955,0,0,0,12286.250000000004
2021-06-24 11:00:00,35.75000000000035,67.99999999999997,0,0,0,12674.50000000008
2021-06-24 12:00:00,66.00000000000077,576.7499999999972,0,0,0,12108.250000000156
2021-06-24 13:00:00,57.49999999999895,606.0000000000183,2.2500000000000075,0.25000000000000006,0,12068.99999999955
2021-06-24 14:00:00,34.25000000000216,461.74999999998755,0.2499999999999999,0.2500000000000002,0,12261.750000000075
2021-06-24 15:00:00,56.749999999995815,741.9999999999839,20.250000000000057,1.7500000000000016,0,11926.250000000618
2021-06-24 16:00:00,50.750000000004825,883.2500000000309,0,0.4999999999999998,0,11800.250000000233
2021-06-24 17:00:00,40.499999999996916,839.7500000000178,1.250000000000001,0.2500000000000002,0,11860.24999999936
2021-06-24 18:00:00,58.000000000008534,692.7500000000215,3.4999999999998366,2.000000000000024,0,11949.999999999727
2021-06-24 19:00:00,52.49999999999737,367.4999999999692,0.5000000000000004,0.4999999999999505,0,12315.500000001703
2021-06-24 20:00:00,45.99999999999955,513.0000000000337,0,0,0,12197.749999999996
2021-06-24 21:00:00,43.250000000000455,468.75000000009237,1.250000000000001,0.4999999999999998,0,12242.000000000371
2021-06-24 22:00:00,54.75000000000527,443.2499999999848,7.249999999999801,1.9999999999998908,0,12221.999999999025
2021-06-24 23:00:00,40.750000000003084,861.2499999998918,19.250000000000078,0,0,11820.99999999964
2021-06-25 00:00:00,63.74999999999531,1188.4999999999764,0,0.2500000000001279,0,11484.500000001026
2021-06-25 01:00:00,31.250000000003197,915.4999999999063,46.25000000000057,0,0,11720.749999999316
2021-06-25 02:00:00,60.000000000004405,988.999999999909,0,0.7499999999998952,0,11682.250000000931
2021-06-25 03:00:00,57.74999999999615,764.7500000000946,7.9999999999998295,1.5000000000000568,0,11919.250000000284
2021-06-25 04:00:00,40.99999999999504,653.0000000000797,0.4999999999999949,0.2500000000000002,0,12068.499999998858
2021-06-25 05:00:00,26.49999999999757,513.2499999998544,9.750000000002501,0,0,12220.750000000226
2021-06-25 06:00:00,42.750000000015476,543.0000000000689,1.749999999999674,0,0,12182.5000000008
2021-06-25 07:00:00,29.49999999999733,669.4999999998231,0,0.2500000000000002,0,12074.000000003434
2021-06-25 08:00:00,45.49999999998633,544.2499999999711,24.750000000000227,0,0,12180.250000002343
2021-06-25 09:00:00,26.750000000003382,509.75000000009345,99.50000000000045,0,0,12128.25000000139
2021-06-25 10:00:00,32.000000000007134,521.7499999999546,0.5000000000000004,0,0,12220.249999999214
2021-06-25 11:00:00,35.75000000001509,510.74999999985096,0,0,0,12223.249999998552
2021-06-25 12:00:00,93.75000000001421,820.249999999831,0,1.2499999999999956,0,11829.00000000027
2021-06-25 13:00:00,44.2499999999967,850.4999999999399,44.250000000000455,0,0,11815.999999999258
2021-06-25 14:00:00,75.74999999998084,1140.0000000001228,0.9999999999999953,0.7499999999999993,0,11533.250000000044
2021-06-25 15:00:00,44.24999999997894,877.2500000000434,12.749999999999773,0,0,11821.500000000742
2021-06-25 16:00:00,43.75000000000426,834.5000000000113,8.999999999997499,0.24999999999999467,0,11862.249999999767
2021-06-25 17:00:00,19.999999999998153,463.5000000000929,0,0,0,12295.750000001135
2021-06-25 18:00:00,58.74999999998778,1107.7499999998622,1.750000000000057,0,0,11586.749999998938
2021-06-25 19:00:00,56.25000000001492,922.4999999999625,0,0.7500000000000062,0,11824.750000002314
2021-06-25 20:00:00,27.749999999991815,485.99999999974557,4.749999999999943,0,0,12312.250000003041
2021-06-25 21:00:00,29.499999999994486,467.0000000001039,15.500000000002956,0.2500000000000058,0,12272.000000003027
2021-06-25 22:00:00,26.250000000017337,542.7500000001373,0,0,0,12190.499999997337
2021-06-25 23:00:00,26.499999999998636,521.9999999996048,2.2500000000000018,0.2500000000000391,0,12198.49999999824
2021-06-26 00:00:00,38.25000000000642,535.7499999998709,1.5000000000000013,0.24999999999999467,0,12190.250000000742
2021-06-26 01:00:00,18.4999999999917,535.4999999996949,0,0.2500000000000002,0,12212.500000005093
2021-06-26 02:00:00,39.50000000001097,531.2500000000398,1.2500000000000067,0,0,12194.50000000179
2021-06-26 03:00:00,35.00000000000654,532.5000000002206,14.24999999999983,0.24999999999999467,0,12170.750000002226
2021-06-26 04:00:00,33.99999999998329,527.2499999999241,0.2500000000000169,0.4999999999999935,0,12191.99999999837
2021-06-26 05:00:00,29.249999999987608,550.7500000003631,1.7500000000000127,0.2500000000000002,0,12176.500000007945
2021-06-26 06:00:00,29.00000000000489,516.9999999999447,0,0.2500000000000002,0,12207.750000001033
2021-06-26 07:00:00,45.750000000003865,571.9999999999629,0.99999999999979,0.4999999999999505,0,12135.00000000131
2021-06-26 08:00:00,34.250000000003666,521.7500000003611,4.250000000001819,0,0,12213.249999996697
2021-06-26 09:00:00,24.499999999989797,529.0000000001896,0.9999999999997733,0,0,12189.249999995809
2021-06-26 10:00:00,26.499999999996504,572.7500000005591,0.2500000000000002,0,0,12170.999999999549
2021-06-26 11:00:00,28.999999999991388,508.50000000039586,11.750000000000682,0,0,12208.250000005864
2021-06-26 12:00:00,30.50000000002271,520.7500000000152,0,0.2500000000000002,0,12221.749999996246
2021-06-26 13:00:00,27.49999999997783,555.5000000004441,0,0,0,12186.250000001382
2021-06-26 14:00:00,25.249999999999062,528.2500000001505,1.7500000000005012,0,0,12201.249999997526
2021-06-26 15:00:00,28.749999999975273,531.2499999996021,0.7500000000000007,0.2500000000000002,0,12207.749999994121
2021-06-26 16:00:00,37.500000000007105,516.499999999553,4.249999999996135,0,0,12206.250000001091
2021-06-26 17:00:00,36.999999999975586,516.4999999998031,1.4999999999999958,0,0,12210.000000002765
2021-06-26 18:00:00,31.00000000001728,511.2500000001603,0.24999999999977263,0,0,12231.749999999738
2021-06-26 19:00:00,21.750000000018588,519.999999999709,6.000000000000227,0,0,12224.249999999302
2021-06-26 20:00:00,44.24999999997823,527.2500000002481,1.5000000000000013,0,0,12182.249999995838
2021-06-26 21:00:00,42.499999999986926,518.0000000004611,0.49999999999998934,0.5000000000000171,0,12210.250000002998
2021-06-26 22:00:00,28.4999999999755,513.5000000003288,0,0.2500000000000002,0,12206.749999998283
2021-06-26 23:00:00,71.99999999999704,502.0000000002881,1.9999999999997575,0,0,12190.250000002561
2021-06-27 00:00:00,29.249999999992582,161.99999999996066,3.2499999999998863,0,0,12589.499999998225
2021-06-27 01:00:00,31.499999999999773,112.25000000002865,2.0000000000000018,0.2500000000000002,0,12606.499999995867
2021-06-27 02:00:00,39.000000000011426,208.500000000015,0.5000000000000171,0,0,12520.749999998952
2021-06-27 03:00:00,24.749999999984595,73.99999999980764,1.7499999999999793,0,0,12676.000000003114
2021-06-27 04:00:00,33.7499999999622,80.74999999956844,0.2500000000000058,0,0,12673.499999997875
2021-06-27 05:00:00,36.24999999999403,80.00000000015461,1.5000000000000124,0,0,12663.499999998021
2021-06-27 06:00:00,25.499999999998124,107.00000000111913,0,0,0,12648.749999995198
2021-06-27 07:00:00,42.999999999977945,547.7499999996212,1.749999999999996,0.5000000000000004,0,12150.250000004598
2021-06-27 08:00:00,26.250000000015916,82.00000000009595,0.24999999999977263,0.2500000000000002,0,12688.250000003609
2021-06-27 09:00:00,34.500000000049624,92.5000000006321,1.2499999999999956,0.2500000000000002,0,12689.500000001135
2021-06-27 10:00:00,21.250000000007674,92.25000000003547,1.5000000000000069,0,0,12673.500000002241
2021-06-27 11:00:00,60.99999999999426,81.75000000022692,1.000000000000012,0.5000000000000004,0,12640.749999997206
2021-06-27 12:00:00,26.500000000025636,76.00000000051068,7.750000000010004,0,0,12685.500000007596
2021-06-27 13:00:00,20.749999999981128,61.999999999397915,0,0,0,12714.499999996042
2021-06-27 14:00:00,20.749999999981128,48.9999999999668,12.000000000000455,0.2500000000000002,0,12695.999999994092
2021-06-27 15:00:00,28.50000000002524,54.75000000003547,0.5000000000000115,0,0,12698.00000000323
2021-06-27 16:00:00,39.99999999999346,87.99999999982901,0.7500000000000062,0.2500000000000002,0,12672.000000003027
2021-06-27 17:00:00,29.749999999961574,67.00000000038244,1.749999999999996,0.5000000000000004,0,12679.499999997643
2021-06-27 18:00:00,31.750000000002387,41.749999999865395,1.4999999999999791,0,0,12716.000000001804
2021-06-27 19:00:00,42.25000000010368,694.5000000003574,0,0,0,12043.749999991996
2021-06-27 20:00:00,41.999999999951854,56.24999999914735,38.24999999999932,0,0,12651.250000006985
2021-06-27 21:00:00,35.00000000003638,57.50000000023192,0,0,0,12733.750000005966
2021-06-27 22:00:00,33.49999999996811,61.75000000007458,0.5000000000000004,0.49999999999999767,0,12682.250000003842
2021-06-27 23:00:00,33.0000000000112,64.00000000032833,72.74999999999636,0,0,12618.500000003405
2021-06-28 00:00:00,27.000000000028024,59.74999999878037,0.7499999999999951,0,0,12686.249999995198
2021-06-28 01:00:00,24.999999999982947,152.74999999948022,0,0,0,12607.999999991443
2021-06-28 02:00:00,31.749999999988177,58.99999999996908,3.2499999999977103,0,0,12686.249999996653
2021-06-28 03:00:00,31.250000000008527,66.24999999961574,1.7500000000000515,0.2500000000000002,0,12677.250000007189
2021-06-28 04:00:00,27.750000000020236,64.9999999998613,1.249999999999779,0.2500000000000002,0,12682.749999994849
2021-06-28 05:00:00,30.000000000021032,50.24999999970987,0.5000000000000115,0,0,12710.500000003958
2021-06-28 06:00:00,34.000000000004604,47.50000000009322,10.499999999998977,0,0,12671.999999989202
2021-06-28 07:00:00,25.499999999973966,56.75000000002228,10.000000000002274,0,0,12696.499999997468
2021-06-28 08:00:00,24.249999999989313,38.00000000028376,0.749999999999984,0,0,12714.999999995052
2021-06-28 09:00:00,42.999999999966576,500.2500000001305,0,0.24999999999999467,0,12234.499999998661
2021-06-28 10:00:00,26.24999999991644,55.7500000010009,0.7500000000000062,0.2500000000000002,0,12701.25000000262
2021-06-28 11:00:00,25.000000000032685,61.25000000064347,1.2499999999999956,0.4999999999999505,0,12696.250000003783
2021-06-28 12:00:00,34.00000000000745,49.00000000034197,0,0,0,12701.999999993131
2021-06-28 13:00:00,39.99999999998067,49.49999999963666,2.4999999999995914,0.24999999999995026,0,12691.999999988184
2021-06-28 14:00:00,30.00000000000682,51.24999999919737,1.5000000000000346,0,0,12691.750000011234
2021-06-28 15:00:00,24.749999999997385,39.99999999953161,21.74999999999727,0.2500000000000002,0,12692.000000008557
2021-06-28 16:00:00,37.750000000043826,52.24999999978763,11.50000000000091,0,0,12684.500000003027
2021-06-28 17:00:00,66.25000000000796,606.5000000005284,4.250000000001819,0,0,12056.7499999961
2021-06-28 18:00:00,67.25000000000563,448.74999999989313,1.7499999999999738,0.4999999999999505,0,12217.49999999738
2021-06-28 19:00:00,39.749999999985164,248.50000000010368,10.25000000000773,0,0,12475.00000000291
2021-06-28 20:00:00,34.49999999997715,240.000000000407,7.2499999999990905,0,0,12462.000000002445
2021-06-28 21:00:00,39.25000000000125,292.49999999897227,0.24999999999977263,0,0,12427.74999999383
2021-06-28 22:00:00,46.50000000000887,216.99999999955253,3.499999999999659,0,0,12477.749999989464
2021-06-28 23:00:00,29.49999999999875,232.25000000059026,0,0.2500000000001279,0,12490.750000000116
2021-06-29 00:00:00,31.249999999994316,250.75000000007321,13.249999999999318,0,0,12444.750000002387
2021-06-29 01:00:00,32.50000000003297,115.24999999960528,0.9999999999999898,0,0,12642.499999995925
2021-06-29 02:00:00,40.26006501629135,137.03425856514195,1.0002500625156407,0,0,12604.401100276249
2021-06-29 03:00:00,28.499999999981185,386.25000000009777,22.499999999991815,0,0,12321.49999999965
2021-06-29 04:00:00,37.50000000001421,4695.499999999185,0.7500000000000062,0,0,8046.2499999965075
2021-06-29 05:00:00,26.75000000001546,4882.000000000027,0,0.4999999999997673,0,7869.250000004831
2021-06-29 06:00:00,43.9999999999543,4839.750000000129,1.0000000000000675,0,0,7880.249999985972
2021-06-29 07:00:00,27.000000000032287,2312.2499999998126,1.4999999999999902,0,0,10430.499999996391
2021-06-29 08:00:00,66.00000000002524,5127.249999999458,59.24999999999727,0.24999999999999467,0,7509.500000001572
2021-06-29 09:00:00,41.750000000010346,4825.250000000483,1.749999999999985,0,0,7902.7500000054715
2021-06-29 10:00:00,37.25000000002581,4738.250000000539,0.24999999999999467,0,0,7998.999999999069
2021-06-29 11:00:00,26.49999999997874,4873.499999999808,0,0,0,7869.000000001688
2021-06-29 12:00:00,33.74999999998636,3632.0000000007667,1.749999999999985,0.2500000000000002,0,9099.000000001979
2021-06-29 13:00:00,32.749999999995794,4812.2500000005175,10.000000000002274,0.2500000000000058,0,7897.249999997439
2021-06-29 14:00:00,31.000000000022965,901.0000000005675,48.500000000001364,0.24999999999999467,0,11792.749999988882
2021-06-29 15:00:00,26.999999999964075,593.2500000002392,2.500000000001501,0,0,12150.00000000582
2021-06-29 16:00:00,30.999999999971806,980.9999999992897,13.999999999998636,0,0,11761.249999990105
2021-06-29 17:00:00,30.749999999989086,2844.500000000562,0,0.24999999999999467,0,9900.000000008731
2021-06-29 18:00:00,27.999999999991587,2634.249999999952,3.249999999997044,0,0,10104.000000003725
2021-06-29 19:00:00,23.750000000001137,2928.0000000001337,23.500000000001364,0,0,9786.500000012165
2021-06-29 20:00:00,26.74999999995009,4846.499999999378,0,0,0,7883.499999999185
2021-06-29 21:00:00,32.75000000001853,4880.749999999944,41.49999999999747,0.24999999999999467,0,7816.750000001048
2021-06-29 22:00:00,30.250000000006594,4801.749999999993,24.250000000002036,0,0,7916.00000000617
2021-06-29 23:00:00,21.250000000006253,4732.249999999021,0,0,0,8028.50000000326
2021-06-30 00:00:00,45.99999999998943,3202.250000000163,0,0.2500000000000002,0,9504.250000001048
2021-06-30 01:00:00,36.74999999998931,4820.0000000009595,17.500000000002046,0.24999999999999467,0,7918.000000005122
2021-06-30 02:00:00,25.249999999999773,3418.749999999659,38.999999999999076,0,0,9306.500000011874
2021-06-30 03:00:00,24.750000000020123,4316.250000000355,4.250000000001819,0,0,8438.750000006985
2021-06-30 04:00:00,55.7500000000033,5010.249999997518,0,0.24999999999999467,0,7675.999999998021
2021-06-30 05:00:00,25.99999999999909,4648.749999999291,0.9999999999999787,0,0,8093.75
2021-06-30 06:00:00,27.500000000048885,4774.50000000033,0.2500000000000391,0,0,7979.499999991094
2021-06-30 07:00:00,26.000000000016144,4594.249999999602,0.24999999999999467,0,0,8170.9999999948195
2021-06-30 08:00:00,33.749999999969305,4534.999999999945,0.49999999999998934,0.2500000000000058,0,8215.74999998993
2021-06-30 09:00:00,34.249999999977376,4212.7500000017335,0.749999999999984,0,0,8529.250000003958
2021-06-30 10:00:00,31.00000000002865,674.50000000008,11.50000000000091,0,0,12062.749999987136
2021-06-30 11:00:00,25.999999999987722,4718.499999999699,0,0,0,8033.5000000020955
2021-06-30 12:00:00,38.24999999995384,4137.249999998312,0.24999999999977263,0,0,8596.00000000355
2021-06-30 13:00:00,38.25000000003058,4828.7500000012415,1.2499999999999956,0,0,7913.499999996566
2021-06-30 14:00:00,22.75000000000773,4823.999999998023,0,0,0,7920.499999994354
2021-06-30 15:00:00,211.5000000000009,4628.499999999781,0.7500000000000062,0.4999999999997673,0,7914.000000001397
2021-06-30 16:00:00,227.4999999999693,5763.500000000272,0,0.49999999999998934,0,6756.250000016007
2021-06-30 17:00:00,216.74999999996203,4817.000000001781,0.24999999999999467,0,0,7728.250000000116
2021-06-30 18:00:00,205.00000000000682,3018.4999999984257,0.24999999999977263,0,0,9535.25000000809
2021-06-30 19:00:00,45.749999999978286,1063.499999999226,0,0,0,11657.749999983935
2021-06-30 20:00:00,32.749999999970214,4842.9999999993015,1.4999999999999902,0.2500000000000391,0,7893.750000004366
2021-06-30 21:00:00,34.999999999899956,4953.499999999667,0,0,0,7800.500000001921
2021-06-30 22:00:00,33.750000000048885,4852.500000000009,0,0,0,7893.749999995634
2021-06-30 23:00:00,22.75000000000773,4045.2499999990778,0.24999999999977263,0,0,8701.999999997497
2021-07-01 00:00:00,29.749999999967258,4169.749999998112,24.00000000000091,0,0,8548.999999996158
2021-07-01 01:00:00,20.49999999998704,4953.749999998877,0.24999999999999467,0,0,7800.249999985681
2021-07-01 02:00:00,44.00000000004525,191.49999999981446,49.00000000000091,0,0,12507.749999998487
2021-07-01 03:00:00,21.500000000003183,220.50000000269847,0,0,0,12532.499999986612
2021-07-01 04:00:00,40.00000000001478,173.75000000185992,2.4999999999863576,0,0,12589.249999992899
2021-07-01 05:00:00,36.74999999991542,195.5000000018117,9.000000000014552,0.24999999999999467,0,12549.24999998475
2021-07-01 06:00:00,26.000000000021828,175.49999999846477,10.750000000007276,0,0,12572.749999994994
2021-07-01 07:00:00,31.249999999994316,201.7499999993106,0.25000000000545697,0,0,12554.499999986729
2021-07-01 08:00:00,25.000000000022737,183.500000000231,0,0,0,12560.749999988184
2021-07-01 09:00:00,38.000000000050704,212.50000000038654,3.7499999999799805,0.2500000000000058,0,12521.499999976368
2021-07-01 10:00:00,24.249999999926786,118.9999999970496,6.749999999988177,0,0,12628.000000008615
2021-07-01 11:00:00,27.25000000006048,95.7500000010441,0,0,0,12630.250000032538
2021-07-01 12:00:00,36.00000000005252,122.75000000061027,2.00000000000502,0,0,12615.74999999575
2021-07-01 13:00:00,41.999999999978854,695.9999999979118,0.25000000000545697,0,0,12057.499999999709
2021-07-01 14:00:00,20.999999999986585,193.749999998181,1.2500000000045475,0,0,12567.249999988417
2021-07-01 15:00:00,42.75000000001512,89.74999999859392,0.24999999999999467,0,0,12659.749999981432
2021-07-01 16:00:00,27.2499999999269,103.74999999876309,7.2499999999990905,0,0,12644.2499999961
2021-07-01 17:00:00,31.250000000002842,90.25000000021919,0,0,0,12655.250000006345
2021-07-01 18:00:00,25.249999999954298,90.75000000091222,10.500000000013632,0,0,12649.749999988126
2021-07-01 19:00:00,210.5000000000132,643.5000000041782,3.9999999999970504,0,0,11916.99999999837
2021-07-01 20:00:00,193.25000000001467,658.2500000005439,10.750000000002768,0,0,11919.250000006286
2021-07-01 21:00:00,31.7499999998887,87.25000000176806,11.749999999994998,0,0,12652.000000000407
2021-07-01 22:00:00,38.250000000007844,81.49999999939155,12.000000000000677,0,0,12643.499999988126
2021-07-01 23:00:00,21.250000000009095,301.250000000573,42.4999999999909,0,0,12413.499999998021
2021-07-02 00:00:00,27.000000000032287,89.25000000090222,1.499999999987267,0,0,12666.750000011234
2021-07-02 01:00:00,46.49999999997476,155.50000000114323,0,0,0,12582.249999998021
2021-07-02 02:00:00,41.50000000007594,663.7499999992542,1.7499999999817994,0,0,12067.250000016065
2021-07-02 03:00:00,39.75000000002069,701.7499999977872,10.500000000001819,0,0,12038.999999999942
2021-07-02 04:00:00,56.75000000009334,730.249999996704,0,0.999999999999901,0,12000.250000006054
2021-07-02 05:00:00,34.24999999998022,168.0000000015525,67.999999999995,0,0,12504.500000004191
2021-07-02 06:00:00,32.00000000005616,203.99999999847296,9.500000000002728,0.2500000000000169,0,12520.499999973981
2021-07-02 07:00:00,34.75000000003092,207.24999999947613,29.000000000002736,0,0,12522.499999990396
2021-07-02 08:00:00,27.250000000037744,161.50000000106957,11.249999999998295,0,0,12561.500000006345
2021-07-02 09:00:00,40.25000000005434,174.25000000328055,0.749999999999984,0,0,12556.25000000291
2021-07-02 10:00:00,218.74999999995453,717.7500000049577,15.999999999985448,0,0,11799.499999992258
2021-07-02 11:00:00,60.24999999997931,872.9999999994561,0,0.24999999999999467,0,11842.75000000489
2021-07-02 12:00:00,200.9999999999593,660.2500000036343,25.750000000005446,0,0,11879.499999985273
2021-07-02 13:00:00,34.00000000006571,195.24999999882766,4.000000000002046,0,0,12564.250000020547
2021-07-02 14:00:00,48.99999999998386,275.49999999748707,2.4999999999977263,0,0,12462.000000008265
2021-07-02 15:00:00,52.25000000000364,167.49999999854026,3.750000000002496,0,0,12560.249999986263
2021-07-02 16:00:00,28.00000000002001,180.74999999937518,1.7500000000012506,0,0,12549.750000004133
2021-07-02 17:00:00,36.49999999997249,258.75000000351065,10.24999999998002,0,0,12444.500000034168
2021-07-02 18:00:00,65.99999999999682,231.75000000028376,1.2499999999993072,0,0,12478.749999987485
2021-07-02 19:00:00,30.75000000003456,109.2499999994061,7.9999999999990745,0.24999999999999467,0,12650.250000017695
2021-07-02 20:00:00,26.499999999987267,69.50000000133514,0,0,0,12673.250000004191
2021-07-02 21:00:00,27.249999999946795,84.24999999858755,11.499999999984523,0,0,12664.499999994587
2021-07-02 22:00:00,25.250000000045247,66.24999999962711,12.999999999999545,0,0,12695.50000000454
2021-07-02 23:00:00,21.000000000003638,58.49999999763895,4.750000000012733,0,0,12710.000000009313
2021-07-03 00:00:00,32.250000000055934,71.25000000214641,0,0,0,12677.249999999185
2021-07-03 01:00:00,30.249999999966803,65.25000000142427,8.75000000000452,0.24999999999977263,0,12688.49999999511
2021-07-03 02:00:00,40.74999999992315,185.4999999993879,5.999999999997385,0,0,12560.74999999837
2021-07-03 03:00:00,22.499999999979536,77.75000000006003,11.999999999989086,0,0,12672.999999977765
2021-07-03 04:00:00,20.75000000006071,148.00000000072941,3.249999999997266,0,0,12625.500000000466
2021-07-03 05:00:00,28.249999999997044,98.00000000059299,1.0000000000218279,0,0,12662.250000002678
2021-07-03 06:00:00,20.500000000021146,62.75000000198361,10.000000000013642,0,0,12696.00000003993
2021-07-03 07:00:00,25.74999999994816,64.25000000060663,5.2500000000009095,0,0,12705.249999987427
2021-07-03 08:00:00,30.00000000005798,68.50000000054024,0,0,0,12686.749999999302
2021-07-03 09:00:00,27.00000000002092,110.9999999998081,4.500000000007276,0.24999999999999467,0,12651.249999998254
2021-07-03 10:00:00,28.74999999995964,93.75000000038654,9.999999999990905,0,0,12650.249999985681
2021-07-03 11:00:00,47.99999999995066,651.9999999981565,0,0,0,12042.75000001362
2021-07-03 12:00:00,23.749999999949978,100.25000000409818,6.749999999988177,0,0,12640.24999999383
2021-07-03 13:00:00,35.25000000007026,122.74999999904139,16.499999999996362,0,0,12618.499999996857
2021-07-03 14:00:00,35.99999999999284,83.74999999996362,5.999999999994543,0,0,12683.749999999418
2021-07-03 15:00:00,21.00000000004343,89.50000000227192,11.750000000006366,0,0,12657.500000001164
2021-07-03 16:00:00,28.250000000025466,77.49999999948614,0,0,0,12675.75000000943
2021-07-03 17:00:00,25.749999999902684,112.74999999939155,1.5000000000000124,0,0,12661.249999978463
2021-07-03 18:00:00,23.2499999999618,65.25000000069667,7.500000000016405,0,0,12692.000000021653
2021-07-03 19:00:00,51.00000000001614,358.99999999935517,0.24999999999977263,0,0,12371.249999987776
2021-07-03 20:00:00,67.50000000001819,328.4999999997126,34.750000000008185,0,0,12368.250000022817
2021-07-03 21:00:00,52.749999999980446,342.24999999917145,0,0,0,12396.750000014435
2021-07-03 22:00:00,80.99999999994907,313.00000000021555,0,0,0,12402.499999993597
2021-07-03 23:00:00,66.75000000008708,411.2499999999045,3.499999999985448,0,0,12303.250000000116
2021-07-04 00:00:00,36.99999999996351,429.7499999993079,17.500000000001137,0,0,12316.249999991851
2021-07-04 01:00:00,34.999999999990905,340.2500000037435,15.500000000020009,0,0,12398.749999993015
2021-07-04 02:00:00,36.25000000008072,264.0000000033524,0,0,0,12502.499999976135
2021-07-04 03:00:00,62.499999999965894,234.50000000082127,10.500000000001819,0,0,12481.499999994412
2021-07-04 04:00:00,47.25000000006503,595.2499999997144,0,0.24999999999999467,0,12139.249999995809
2021-07-04 05:00:00,36.25000000002956,269.24999999705506,3.499999999985448,0,0,12473.999999996158
2021-07-04 06:00:00,35.99999999989336,252.24999999932152,12.249999999994543,0,0,12466.99999999546
2021-07-04 07:00:00,30.74999999994361,154.99999999785814,0,0,0,12600.75000001816
2021-07-04 08:00:00,27.500000000077307,156.9999999972879,0,0,0,12593.999999991502
2021-07-04 09:00:00,90.25000000012824,912.9999999985102,0,0.7499999999999452,0,11794.749999980559
2021-07-04 10:00:00,66.74999999995634,851.4999999981683,8.249999999998646,0,0,11867.250000013155
2021-07-04 11:00:00,28.749999999979536,197.24999999980355,8.500000000003638,0,0,12563.500000000931
2021-07-04 12:00:00,23.499999999910415,177.75000000019645,12.5,0,0,12572.249999988708
2021-07-04 13:00:00,54.749999999899046,332.24999999979445,0,0,0,12393.749999988358
2021-07-04 14:00:00,34.499999999997044,290.75000000134423,8.500000000003638,0,0,12440.999999994528
2021-07-04 15:00:00,34.74999999993429,243.00000000052933,12.5,0,0,12493.499999985215
2021-07-04 16:00:00,17.750000000006594,178.00000000065666,15.500000000020009,0,0,12568.250000011176
2021-07-04 17:00:00,25.99999999993088,224.25000000157524,6.749999999999545,0.2500000000000391,0,12528.750000006403
2021-07-04 18:00:00,142.24999999997294,814.2500000001291,0,0,0,11824.749999991036
2021-07-04 19:00:00,49.25000000006321,306.2499999996362,5.750000000000455,0,0,12421.750000008615
2021-07-04 20:00:00,27.99999999992906,171.0000000040509,1.499999999987267,0,0,12611.249999998836
2021-07-04 21:00:00,26.99325168702526,174.70632342150415,0.4998750312422675,0,0,12585.853536611416
2021-07-04 22:00:00,38.99999999996453,198.75000000006366,12.000000000029099,0,0,12556.999999989057
2021-07-04 23:00:00,30.750000000023192,161.0000000007858,1.4999999999941283,0,0,12589.249999981257
2021-07-05 00:00:00,26.499999999987267,155.7499999976244,10.249999999996362,0,0,12599.500000002445
2021-07-05 01:00:00,25.00000000005116,156.75000000032924,93.50000000000023,0,0,12493.499999991036
2021-07-05 02:00:00,31.750000000039336,183.00000000158434,31.25,0,0,12545.250000001397
2021-07-05 03:00:00,20.749999999986812,55.25000000261571,11.499999999978172,0,0,12706.999999997788
2021-07-05 04:00:00,49.512378094455855,330.8327081738042,1.5003750937749216,0,0,12417.3543385892
2021-07-05 05:00:00,80.49999999998363,314.0000000026248,14.999999999997726,0.24999999999999467,0,12410.750000021653
2021-07-05 06:00:00,79.24999999987676,325.2499999990505,6.500000000005457,0.5000000000002558,0,12387.249999982305
2021-07-05 07:00:00,45.7499999999925,338.2500000002892,8.750000000009095,0,0,12394.250000012107
2021-07-05 08:00:00,60.000000000172804,358.49999999868487,0,0,0,12371.49999999674
2021-07-05 09:00:00,34.99999999997385,343.74999999881766,88.25000000001637,0,0,12314.249999992899
2021-07-05 10:00:00,35.7499999998538,281.74999999582724,2.4999999999926192,0.24999999999999467,0,12456.249999976717
2021-07-05 11:00:00,30.00000000006935,85.75000000209911,0.7500000000000284,0.49999999999954525,0,12715.499999991152
2021-07-05 12:00:00,33.9999999999236,142.00000000109867,3.7500000000022737,0,0,12612.500000008731
2021-07-05 13:00:00,34.250000000054115,102.24999999836655,0,0,0,12667.99999999057
2021-07-05 14:00:00,29.250000000087084,92.49999999919964,2.250000000003638,0,0,12651.999999998952
2021-07-05 15:00:00,34.75000000002524,59.24999999801912,5.249999999978172,0,0,12677.000000019325
2021-07-05 16:00:00,33.00000000004957,105.99999999776628,16.499999999996362,0,0,12634.249999994063
2021-07-05 17:00:00,36.50000000005207,265.7499999985248,3.000000000014591,0.500000000000006,0,12462.750000043889
2021-07-05 18:00:00,56.00000000007981,545.9999999993215,0.24999999999999467,0,0,12193.999999997322
2021-07-05 19:00:00,28.999999999945203,76.5000000024429,1.4999999999986358,0,0,12677.750000017113
2021-07-05 20:00:00,17.249999999938836,55.99999999840293,0,0,0,12697.000000003027
2021-07-05 21:00:00,22.750000000002046,104.75000000128603,13.500000000021828,0,0,12639.250000022002
2021-07-05 22:00:00,48.25000000002433,100.99999999965803,99.24999999998363,0.24999999999999467,0,12551.249999992433
2021-07-05 23:00:00,23.24999999993338,89.24999999826468,0,0,0,12663.500000003842
2021-07-06 00:00:00,27.750000000150976,91.49999999408465,11.25000000001819,0,0,12638.499999980559
2021-07-06 01:00:00,30.499999999994998,80.24999999961437,0,0,0,12666.99999999255
2021-07-06 02:00:00,32.50000000004434,90.7499999992524,12.250000000040018,0,0,12646.500000002561
2021-07-06 03:00:00,34.249999999934744,69.2500000018299,26.24999999998181,0,0,12644.249999994645
2021-07-06 04:00:00,29.75000000012642,85.75000000341788,13.249999999993634,0,0,12643.50000002305
2021-07-06 05:00:00,31.500000000090722,72.4999999973079,0.5000000000109139,0,0,12671.25000001397
2021-07-06 06:00:00,32.50000000005571,85.2500000017244,0.4999999999997673,0,0,12661.000000013155
2021-07-06 07:00:00,25.250000000039563,100.50000000005639,13.249999999970896,0.24999999999999467,0,12644.000000006054
2021-07-06 08:00:00,31.249999999823785,318.9999999992324,0,0,0,12417.500000013388
2021-07-06 09:00:00,54.75000000004684,533.0000000020391,0,0,0,12187.500000020373
2021-07-06 10:00:00,22.249999999996817,111.74999999852844,0,0,0,12654.25000001851
2021-07-06 11:00:00,32.750000000089585,89.99999999805368,13.499999999994516,0.2500000000000391,0,12649.750000005588
2021-07-06 12:00:00,36.5000000000407,95.00000000011823,9.250000000020009,0,0,12650.499999980093
2021-07-06 13:00:00,28.499999999991132,84.75000000134969,18.99999999999409,0,0,12641.500000029919
2021-07-06 14:00:00,22.999999999933607,117.75000000102409,0,0,0,12632.24999998929
2021-07-06 15:00:00,33.75000000019668,407.5000000022101,0,0,0,12334.749999979977
2021-07-06 16:00:00,32.7500000000839,68.74999999781721,9.000000000014552,0,0,12654.49999999255
2021-07-06 17:00:00,28.999999999871306,81.25000000200089,0.500000000005496,0,0,12674.24999998766
2021-07-06 18:00:00,26.250000000027285,81.250000004502,3.4999999999745235,0,0,12646.749999996973
2021-07-06 19:00:00,23.750000000040927,79.7500000007858,7.999999999992724,0,0,12664.999999964493
2021-07-06 20:00:00,37.000000000119826,49.25000000134787,12.749999999959982,0,0,12692.24999997823
2021-07-06 21:00:00,29.499999999956117,45.999999998139174,0.5000000000054516,0,0,12695.750000019325
2021-07-06 22:00:00,22.999999999916554,38.49999999983993,11.500000000001398,0.24999999999999467,0,12677.249999984633
2021-07-06 23:00:00,4039.749999999856,609.0000000011514,0.24999999999977263,0.25000000000048317,0,8089.499999987311
2021-07-07 00:00:00,4027.0000000000664,595.0000000003001,18.75,0,0,8080.999999999767
2021-07-07 01:00:00,17.749999999966803,50.25000000091495,9.749999999996817,0,0,12705.749999999534
2021-07-07 02:00:00,870.250000000101,621.0000000006403,70.49999999999272,0,0,11207.500000001164
2021-07-07 03:00:00,1712.7500000000623,592.4999999982447,6.000000000005912,0,0,10454.750000010245
2021-07-07 04:00:00,2695.7499999999527,597.7499999991778,0,0,0,9447.249999988708
2021-07-07 05:00:00,1747.8130467385502,602.5993501637922,10.247438140461245,0,0,10386.653336649997
2021-07-07 06:00:00,2508.0000000001633,600.9999999971114,0.24999999999977263,0,0,9640.499999999884
2021-07-07 07:00:00,3363.2500000004597,595.0000000018008,0.25000000000545697,0,0,8759.499999982654
2021-07-07 08:00:00,4038.2500000000277,578.7500000023101,0.24999999999977263,0.24999999999999467,0,8130.249999996158
2021-07-07 09:00:00,877.2500000003333,607.2499999981119,28.750000000002274,0.24999999999999467,0,11257.249999983469
2021-07-07 10:00:00,2794.000000000551,760.9999999997854,28.999999999996362,0,0,9144.000000000233
2021-07-07 11:00:00,593.9999999996871,778.7499999998545,19.74999999999909,0,0,11374.999999976717
2021-07-07 12:00:00,2694.7499999997945,776.7500000000382,3.7500000000022737,0,0,9247.00000002922
2021-07-07 13:00:00,92.99999999950614,836.0000000004675,6.750000000010914,0,0,11810.000000023865
2021-07-07 14:00:00,22.74999999976899,49.25000000212094,0,0,0,12725
2021-07-07 15:00:00,828.2499999998436,613.0000000020118,12.000000000000455,0,0,11315.250000022934
2021-07-07 16:00:00,,,,,,
2021-07-07 17:00:00,,,,,,
2021-07-07 18:00:00,,,,,,
2021-07-07 19:00:00,,,,,,
2021-07-07 20:00:00,,,,,,
2021-07-07 21:00:00,,,,,,
2021-07-07 22:00:00,,,,,,
2021-07-07 23:00:00,,,,,,

